Date,T,TM,Tm,SLP,H,PP,VV,V,VM,Ozone conc,PM-2.5 conc,NO2 conc,SO2 conc,CO conc,PM-10 conc,AQI
2017/Jan/01,6.9,15.6,0,1011.4,57,0,16.1,13.3,20.6,0.034,11.2,0.034,0.0,0.4,16.0,47.0
2017/Jan/02,13.4,20,1.7,1007.5,77,0.51,10.9,20.4,29.4,0.037000000000000005,6.4,0.027000000000000003,0.0,0.5,9.0,34.0
2017/Jan/03,4.8,20,-1.1,1015.5,70,0,14,29.1,50,0.026000000000000002,9.6,0.009000000000000001,0.0,0.5,12.0,40.0
2017/Jan/04,,,,,,,,,,0.031,5.6,0.027999999999999997,0.0,0.4,10.0,29.0
2017/Jan/05,,,,,,,,,,0.035,6.3,0.012,0.0,0.3,13.0,32.0
2017/Jan/06,,,,,,,,,,0.036000000000000004,13.6,0.040999999999999995,0.001,0.5,12.0,54.0
2017/Jan/07,-11.4,0.6,-19.4,1037.5,74,0.25,14.5,8.9,16.5,0.039,19.3,0.052000000000000005,0.0,0.7,16.0,66.0
2017/Jan/08,-3.1,7.2,-9.4,1035.5,56,0,16.1,16.9,37,0.037000000000000005,11.1,0.043,0.0,0.6,10.0,46.0
2017/Jan/09,2.8,13.9,-9.4,1023.4,55,0,16.1,21.1,42.4,0.037000000000000005,8.9,0.033,0.001,0.4,15.0,37.0
2017/Jan/10,,,,,,,,,,0.037000000000000005,7.8,0.05,0.0,1.1,20.0,47.0
2017/Jan/11,,,,,,,,,,0.04,8.3,0.04,0.001,1.2,25.0,38.0
2017/Jan/12,,,,,,,,,,0.024,13.0,0.026000000000000002,0.003,0.4,23.0,53.0
2017/Jan/13,-0.3,2.8,-2.8,1029.5,68,0,11.4,21.1,31.7,0.022000000000000002,14.5,0.012,0.0,0.3,17.0,56.0
2017/Jan/14,-1.4,1.7,-2.2,1032.8,95,1.78,5.1,18,25.9,0.018000000000000002,12.0,0.015,0.0,0.4,9.0,50.0
2017/Jan/15,0.5,3,-1,1022.8,98,1.52,4.2,13,20.6,0.009000000000000001,5.1,0.01,0.0,0.4,3.0,21.0
2017/Jan/16,,,,,,,,,,0.016,5.5,0.009000000000000001,0.0,0.4,4.0,23.0
2017/Jan/17,,,,,,,,,,0.032,5.5,0.039,0.0,0.6,9.0,37.0
2017/Jan/18,,,,,,,,,,0.027000000000000003,10.0,0.043,0.001,0.7,14.0,42.0
2017/Jan/19,9.6,15,3.3,1008.2,85,0,14.3,19.4,29.4,0.03,7.7,0.027000000000000003,0.0,0.6,6.0,32.0
2017/Jan/20,9.9,20.6,1.1,999.1,70,0,11.3,21.3,46.5,0.040999999999999995,5.1,0.017,0.0,0.5,11.0,38.0
2017/Jan/21,10.7,20.6,1.7,998.6,53,0,16.1,13.5,27.8,0.032,5.2,0.039,0.0,0.1,16.0,37.0
2017/Jan/22,,,,,,,,,,0.04,5.5,0.017,0.001,0.2,9.0,37.0
2017/Jan/23,,,,,,,,,,0.043,5.2,0.038,0.001,0.7,8.0,40.0
2017/Jan/24,,,,,,,,,,0.040999999999999995,4.3,0.032,0.001,0.4,16.0,38.0
2017/Jan/25,6.2,19.4,1.1,1010.9,50,0,16.1,30.2,40.7,0.028999999999999998,5.8,0.015,0.0,0.1,14.0,27.0
2017/Jan/26,1.3,7.8,-4.4,1023.1,53,0,16.1,18.3,27.8,0.037000000000000005,6.3,0.039,0.0,0.4,13.0,37.0
2017/Jan/27,1.9,9.4,-4.4,1026.5,44,0,16.1,17.4,33.5,0.044000000000000004,4.8,0.027000000000000003,0.0,0.4,19.0,41.0
2017/Jan/28,,,,,,,,,,0.042,4.4,0.023,0.0,0.1,14.0,39.0
2017/Jan/29,,,,,,,,,,0.043,3.5,0.037000000000000005,0.0,0.5,17.0,40.0
2017/Jan/30,,,,,,,,,,0.046,5.0,0.04,0.001,0.6,23.0,43.0
2017/Jan/31,12,24.4,1.7,1013,33,0,16.1,10.4,18.3,0.044000000000000004,12.0,0.05,0.001,0.7,34.0,50.0
2017/Feb/01,9.3,22.2,2.2,1012.4,45,0,16.1,17.8,31.7,0.04,6.9,0.042,0.001,0.9,24.0,40.0
2017/Feb/02,2.3,13.9,-2.2,1026.9,49,0,16.1,29.1,35.2,0.033,7.2,0.023,0.001,0.3,14.0,31.0
2017/Feb/03,1.4,6.7,-2.8,1031.1,32,0,16.1,17.8,24.1,0.04,6.6,0.027999999999999997,0.0,0.4,20.0,37.0
2017/Feb/04,,,,,,,,,,0.034,16.3,0.033,0.001,0.4,29.0,60.0
2017/Feb/05,,,,,,,,,,0.023,18.1,0.027000000000000003,0.0,0.6,18.0,64.0
2017/Feb/06,,,,,,,,,,0.04,9.2,0.018000000000000002,0.0,0.5,18.0,38.0
2017/Feb/07,16.4,25,6.1,1002.9,37,0,16.1,15.4,29.4,0.046,5.8,0.05,0.002,0.7,22.0,47.0
2017/Feb/08,7.3,22.8,-0.6,1008.9,50,0,16.1,25.2,46.5,0.028999999999999998,10.5,0.034,0.0,0.7,23.0,44.0
2017/Feb/09,2.3,13.9,-4.4,1026.7,48,0,16.1,18.3,33.5,0.043,6.0,0.033,0.0,0.4,16.0,40.0
2017/Feb/10,,,,,,,,,,0.054000000000000006,12.6,0.039,0.001,0.4,34.0,52.0
2017/Feb/11,,,,,,,,,,0.047,13.2,0.038,0.0,0.6,29.0,53.0
2017/Feb/12,,,,,,,,,,0.042,5.8,0.015,0.0,0.6,19.0,39.0
2017/Feb/13,9.1,20,5,1026.1,33,0,16.1,17.6,31.7,0.036000000000000004,5.9,0.031,0.0,0.4,18.0,33.0
2017/Feb/14,4.7,12.2,3.3,1017.6,93,23.37,9,18.1,31.7,0.032,8.0,0.022000000000000002,0.0,0.3,,33.0
2017/Feb/15,5.6,12.8,0.6,1020,65,12.95,16.1,16.5,20.6,0.043,4.6,0.043,0.001,0.5,,41.0
2017/Feb/16,,,,,,,,,,0.05,3.4,0.035,0.0,0.5,10.0,46.0
2017/Feb/17,,,,,,,,,,0.049,5.0,0.037000000000000005,0.001,0.6,16.0,45.0
2017/Feb/18,,,,,,,,,,0.042,12.2,0.025,0.0,0.5,18.0,51.0
2017/Feb/19,14.4,23.3,7.2,1010.3,85,0,11.1,19.8,37,0.034,15.8,0.017,0.0,0.4,22.0,59.0
2017/Feb/20,14.9,23.3,8.3,1010.1,90,42.42,13.4,18.3,33.5,0.036000000000000004,3.7,0.035,0.0,0.6,8.0,33.0
2017/Feb/21,13.3,21.7,7.2,1014,64,6.35,16.1,16.7,27.8,0.043,3.7,0.05,0.001,0.5,12.0,47.0
2017/Feb/22,,,,,,,,,,0.051,8.1,0.049,0.001,0.8,24.0,47.0
2017/Feb/23,,,,,,,,,,0.046,5.6,0.044000000000000004,0.001,0.6,37.0,43.0
2017/Feb/24,,,,,,,,,,0.036000000000000004,5.8,0.006999999999999999,0.0,0.2,11.0,33.0
2017/Feb/25,2,10.6,-5,1021.9,48,0,16.1,18.7,38.9,0.043,4.2,0.028999999999999998,0.0,0.5,7.0,40.0
2017/Feb/26,6.1,15,-4.3,1014.6,47,0,16.1,17.2,29.4,0.048,7.9,0.02,0.001,0.5,16.0,44.0
2017/Feb/27,12.3,23.3,0.6,1012,64,0,14.8,18,38.9,0.040999999999999995,18.3,0.027000000000000003,0.0,0.5,31.0,64.0
2017/Feb/28,,,,,,,,,,0.037000000000000005,16.1,0.023,0.0,0.5,31.0,59.0
2017/Mar/01,13.1,22.2,2.2,1015.2,36,0,15.9,32.4,55.4,0.046,3.2,0.026000000000000002,0.001,0.3,17.0,43.0
2017/Mar/02,8.2,17.2,-2.2,1028.5,27,0,16.1,7.8,18.3,0.05,7.0,0.045,0.002,0.7,21.0,46.0
2017/Mar/03,10.6,20.6,-2.1,1030.9,27,0,16.1,16.5,40.7,0.055999999999999994,11.1,0.049,0.0,0.8,25.0,54.0
2017/Mar/04,,,,,,,,,,0.048,8.1,0.011000000000000001,0.0,0.4,21.0,44.0
2017/Mar/05,,,,,,,,,,0.038,10.5,0.006999999999999999,0.0,0.4,9.0,44.0
2017/Mar/06,,,,,,,,,,0.043,8.9,0.006999999999999999,0.002,0.3,54.0,50.0
2017/Mar/07,14.5,26.7,5.6,1018.5,18,0,15.9,23.2,46.5,0.053,11.3,0.039,0.002,0.3,63.0,55.0
2017/Mar/08,11.3,23.9,1.7,1023.5,28,0,16.1,20,46.5,0.054000000000000006,10.7,0.028999999999999998,0.001,0.4,34.0,50.0
2017/Mar/09,17.7,28.3,11.1,1016.7,60,0,16.1,20.9,37,0.04,13.4,0.016,0.001,0.4,33.0,54.0
2017/Mar/10,,,,,,,,,,0.045,8.2,0.015,0.0,0.4,27.0,42.0
2017/Mar/11,,,,,,,,,,0.034,7.6,0.006,0.0,0.3,12.0,32.0
2017/Mar/12,,,,,,,,,,0.036000000000000004,8.2,0.01,0.0,0.4,7.0,34.0
2017/Mar/13,6.8,8.9,1.7,1021.8,60,0.25,16.1,26.3,48.2,0.034,8.9,0.011000000000000001,0.001,0.2,12.0,37.0
2017/Mar/14,4.5,13.3,-2.2,1024.8,50,0,15.9,12,27.8,0.042,14.2,0.024,0.0,0.4,17.0,55.0
2017/Mar/15,5.1,15.6,-2.1,1027.7,54,0,15.6,18,31.7,0.044000000000000004,15.0,0.015,0.0,0.5,18.0,57.0
2017/Mar/16,,,,,,,,,,0.040999999999999995,13.1,0.016,0.0,0.5,25.0,53.0
2017/Mar/17,,,,,,,,,,0.047,12.1,0.01,0.0,0.4,24.0,51.0
2017/Mar/18,,,,,,,,,,0.052000000000000005,13.1,0.01,0.0,0.5,32.0,53.0
2017/Mar/19,22.1,31.1,13.9,1018.7,63,0,14.5,23,40.7,0.047,11.1,0.006999999999999999,0.0,0.5,24.0,46.0
2017/Mar/20,24.2,32.8,15,1012.9,49,0,16.1,28.2,40.7,0.047,9.2,0.021,0.0,0.3,26.0,44.0
2017/Mar/21,21.7,32.8,13.3,1012.6,50,0,16.1,14.6,27.8,0.06,22.0,0.016,0.001,0.3,48.0,72.0
2017/Mar/22,,,,,,,,,,0.055,16.3,0.009000000000000001,0.0,0.4,,60.0
2017/Mar/23,,,,,,,,,,0.055,16.3,0.009000000000000001,0.0,0.4,,60.0
2017/Mar/24,,,,,,,,,,0.055,9.4,0.02,0.0,0.4,,51.0
2017/Mar/25,11.8,25.6,8.3,1010.8,72,2.03,15.1,25,42.4,0.034,7.4,0.022000000000000002,0.0,0.4,,31.0
2017/Mar/26,13.4,25,5,1010.2,68,0.76,16.1,18.3,38.9,0.049,10.7,0.013999999999999999,0.0,0.5,,45.0
2017/Mar/27,14.9,25,5,1009.5,73,0,15.9,23.2,37,0.049,13.5,0.016,0.0,0.3,,54.0
2017/Mar/28,,,,,,,,,,0.039,14.5,0.013999999999999999,0.0,0.4,,56.0
2017/Mar/29,,,,,,,,,,0.031,3.0,0.012,0.0,0.3,,29.0
2017/Mar/30,,,,,,,,,,0.043,2.2,0.023,0.0,0.3,,40.0
2017/Mar/31,12,20,4.4,1009.2,69,0,16.1,16.5,27.8,0.046,8.5,0.021,0.0,0.4,,43.0
2017/Apr/01,13.9,23.9,6.7,1012.3,67,0,15.8,23.5,31.7,0.048,11.2,0.032,0.0,0.4,18.0,47.0
2017/Apr/02,12.7,15,11.1,1012.2,96,4.06,3.9,15.2,27.8,0.026000000000000002,22.3,0.011000000000000001,0.0,0.3,21.0,72.0
2017/Apr/03,15.5,23.9,10.6,1003.2,72,17.02,12.1,13.1,25.9,0.051,7.2,0.034,0.0,0.3,14.0,47.0
2017/Apr/04,,,,,,,,,,0.043,5.7,0.017,0.0,0.4,8.0,40.0
2017/Apr/05,,,,,,,,,,0.044000000000000004,3.8,0.017,0.0,0.2,10.0,41.0
2017/Apr/06,,,,,,,,,,0.054000000000000006,4.4,0.032,0.0,0.3,13.0,50.0
2017/Apr/07,15,24.4,2.8,1021.4,42,0,16.1,20,31.7,0.069,16.9,0.040999999999999995,0.001,0.5,32.0,97.0
2017/Apr/08,19.4,27.8,5.6,1010,54,0,16.1,31.1,44.6,0.053,9.8,0.022000000000000002,0.0,0.5,27.0,49.0
2017/Apr/09,22,28.9,13.9,1004.6,66,0,16.1,34.3,50,0.043,9.2,0.017,0.0,0.4,24.0,40.0
2017/Apr/10,,,,,,,,,,0.05,1.1,0.031,0.001,0.3,17.0,46.0
2017/Apr/11,,,,,,,,,,0.054000000000000006,16.3,0.043,0.001,0.4,30.0,60.0
2017/Apr/12,,,,,,,,,,0.049,16.3,0.03,0.0,0.5,22.0,60.0
2017/Apr/13,17.5,23.9,11.7,1020.4,84,0,12.4,14.6,27.8,0.043,9.3,0.028999999999999998,0.0,0.6,16.0,40.0
2017/Apr/14,19,26.1,12.8,1016.2,76,30.48,15.3,22.8,40.7,0.055,6.8,0.024,0.0,0.5,14.0,51.0
2017/Apr/15,21.1,27.2,15.6,1012.9,70,0,16.1,27.8,40.7,0.04,8.0,0.019,0.0,0.5,16.0,37.0
2017/Apr/16,,,,,,,,,,0.038,8.2,0.018000000000000002,0.0,0.5,15.0,35.0
2017/Apr/17,,,,,,,,,,0.046,6.5,0.03,0.0,0.5,11.0,43.0
2017/Apr/18,,,,,,,,,,0.05,6.5,0.027999999999999997,0.0,0.5,9.0,46.0
2017/Apr/19,20.5,26.1,11.1,1013.8,75,0,16.1,25.4,38.9,0.047,7.5,0.006,0.0,0.4,16.0,44.0
2017/Apr/20,19.8,25.6,16.1,1013.4,80,0,16.1,21.1,35.2,0.034,5.4,0.013000000000000001,0.0,0.5,11.0,31.0
2017/Apr/21,15.3,21.7,11.1,1012.7,85,11.43,15.1,21.1,66.5,0.037000000000000005,4.9,0.006999999999999999,0.0,0.3,4.0,34.0
2017/Apr/22,,,,,,,,,,0.042,3.6,0.011000000000000001,0.0,0.2,8.0,39.0
2017/Apr/23,,,,,,,,,,0.055999999999999994,4.7,0.02,0.0,0.4,12.0,54.0
2017/Apr/24,,,,,,,,,,0.069,6.4,0.02,0.0,0.4,18.0,97.0
2017/Apr/25,20.9,29.4,15.6,996.1,56,0,16.1,29.6,42.4,0.053,8.7,0.01,0.001,0.4,26.0,49.0
2017/Apr/26,12.5,25,7,1001.1,77,8.89,15.6,31.5,46.5,0.028999999999999998,5.4,0.031,0.0,0.3,10.0,29.0
2017/Apr/27,11,20,3.3,1006.1,70,0,16.1,13.9,35.2,0.045,5.4,0.027000000000000003,0.0,0.5,14.0,42.0
2017/Apr/28,,,,,,,,,,0.059000000000000004,7.2,0.035,0.0,0.5,19.0,64.0
2017/Apr/29,,,,,,,,,,0.028999999999999998,2.7,0.013000000000000001,0.0,0.4,4.0,27.0
2017/Apr/30,,,,,,,,,,0.046,,0.006,0.0,0.2,3.0,43.0
2017/May/01,12.4,22.2,5,1010.5,47,1.52,14.5,27.2,40.7,0.053,,0.035,0.0,0.4,10.0,49.0
2017/May/02,16.8,26.7,5,1012.8,53,0,16.1,10.7,27.8,0.061,6.2,0.035,0.0,0.5,15.0,71.0
2017/May/03,15.9,26.7,7.8,1010.5,72,0,16.1,27.2,42.4,0.045,3.9,0.013000000000000001,0.0,0.3,6.0,42.0
2017/May/04,,,,,,,,,,0.049,4.2,0.02,0.0,0.2,10.0,45.0
2017/May/05,,,,,,,,,,0.062,7.5,0.04,0.0,0.4,17.0,74.0
2017/May/06,,,,,,,,,,0.066,9.7,0.043,0.0,0.6,21.0,87.0
2017/May/07,17.9,23.3,15,1011.9,67,0,16.1,11.1,14.8,0.069,9.6,0.027999999999999997,0.0,0.6,18.0,97.0
2017/May/08,20.2,28.3,11.1,1013.5,61,0,16.1,18.1,27.8,0.069,12.8,0.035,0.0,0.5,23.0,97.0
2017/May/09,20.9,27.8,12.2,1013.8,69,0,16.1,17.4,29.4,0.051,10.8,0.034,0.0,0.5,23.0,47.0
2017/May/10,,,,,,,,,,0.044000000000000004,14.3,0.032,0.0,0.6,24.0,56.0
2017/May/11,,,,,,,,,,0.057999999999999996,5.8,0.026000000000000002,0.0,0.4,14.0,61.0
2017/May/12,,,,,,,,,,0.055999999999999994,3.2,0.021,0.0,0.2,14.0,54.0
2017/May/13,18.3,25.6,8.9,1014.1,56,0,16.1,9.3,22.2,0.06,5.8,0.04,0.0,0.5,16.0,67.0
2017/May/14,20.1,29.4,9.4,1011.3,63,0,16.1,18.9,29.4,0.067,8.5,0.028999999999999998,0.0,0.5,19.0,90.0
2017/May/15,24.2,31.1,12.8,1009.5,65,0,16.1,21.7,31.7,0.067,13.9,0.038,0.0,0.5,24.0,90.0
2017/May/16,,,,,,,,,,0.054000000000000006,9.7,0.031,0.0,0.4,24.0,50.0
2017/May/17,,,,,,,,,,0.055,3.3,0.043,0.0,0.3,18.0,51.0
2017/May/18,,,,,,,,,,0.049,11.4,0.03,0.0,0.5,23.0,48.0
2017/May/19,20,29.4,16.1,1005.5,77,3.81,15.6,23.2,77.8,0.040999999999999995,5.2,0.034,0.0,0.4,10.0,38.0
2017/May/20,16.6,23.3,11.7,1013.8,71,6.6,15.9,20.9,35.2,0.039,2.5,0.021,0.0,0.3,5.0,36.0
2017/May/21,16.8,24.4,10,1019.6,53,0.51,16.1,10.2,24.1,0.053,4.6,0.027999999999999997,0.0,0.4,10.0,49.0
2017/May/22,,,,,,,,,,0.045,7.1,0.043,0.0,0.4,13.0,42.0
2017/May/23,,,,,,,,,,0.046,5.3,0.018000000000000002,0.0,0.3,10.0,43.0
2017/May/24,,,,,,,,,,0.048,,0.028999999999999998,0.0,0.2,11.0,44.0
2017/May/25,19.3,30.6,8.9,1002.9,55,0,16.1,23.2,37,0.071,7.8,0.04,0.0,0.5,46.0,101.0
2017/May/26,26.2,31.7,22.2,1001.7,55,0,16.1,20.2,31.7,0.075,11.5,0.037000000000000005,0.0,0.6,30.0,115.0
2017/May/27,27,35,20.6,1006.1,66,0,15.6,18.9,38.9,0.052000000000000005,13.7,0.018000000000000002,0.001,0.6,32.0,54.0
2017/May/28,,,,,,,,,,0.055,2.9,0.028999999999999998,0.0,0.2,13.0,51.0
2017/May/29,,,,,,,,,,0.055999999999999994,4.9,0.027999999999999997,0.0,0.3,17.0,54.0
2017/May/30,,,,,,,,,,0.061,8.7,0.045,0.0,0.5,22.0,71.0
2017/May/31,23.1,31.1,14.4,1016.2,55,0,16.1,13,24.1,0.066,12.1,0.044000000000000004,0.0,0.5,25.0,87.0
2017/Jun/01,23.4,31.1,15.6,1015.2,61,0,16.1,13.1,31.7,0.055999999999999994,11.8,0.040999999999999995,0.0,0.5,25.0,54.0
2017/Jun/02,19.9,30.6,16.7,1014.5,87,0,14.5,13.9,20.6,0.035,11.3,0.03,0.0,0.5,18.0,47.0
2017/Jun/03,21.6,26,20,1013,88,0.76,15.8,9.3,14.8,0.040999999999999995,7.3,0.031,0.0,0.5,13.0,38.0
2017/Jun/04,,,,,,,,,,0.053,5.0,0.021,0.0,0.4,7.0,49.0
2017/Jun/05,,,,,,,,,,0.040999999999999995,5.8,0.032,0.0,0.4,11.0,38.0
2017/Jun/06,,,,,,,,,,0.067,7.8,0.027999999999999997,0.001,0.4,27.0,90.0
2017/Jun/07,24.7,33.9,18.3,1014.7,49,0,16.1,16.1,24.1,0.068,5.4,0.035,0.002,0.3,20.0,93.0
2017/Jun/08,22.3,28.9,12.2,1015.1,49,0,16.1,10.6,18.3,0.066,7.9,0.045,0.0,0.5,22.0,87.0
2017/Jun/09,23.2,28.9,12.2,1010.8,60,0,16.1,18.1,29.4,0.063,11.6,0.037000000000000005,0.001,0.5,25.0,77.0
2017/Jun/10,,,,,,,,,,0.066,12.3,0.027000000000000003,0.0,0.5,29.0,87.0
2017/Jun/11,,,,,,,,,,0.052000000000000005,11.0,0.02,0.0,0.4,20.0,48.0
2017/Jun/12,,,,,,,,,,0.054000000000000006,13.1,0.027999999999999997,0.0,0.5,28.0,53.0
2017/Jun/13,27.1,32.8,21.7,1009.1,63,0,16.1,29.6,44.6,0.044000000000000004,11.5,0.027000000000000003,0.0,0.4,29.0,48.0
2017/Jun/14,27.6,33.9,22.8,1008.8,66,0,16.1,25.4,37,0.034,11.9,0.022000000000000002,0.0,0.4,28.0,50.0
2017/Jun/15,28.5,35.6,22.2,1010.2,65,0,16.1,21.1,37,0.045,10.6,0.023,0.0,0.5,32.0,44.0
2017/Jun/16,,,,,,,,,,0.054000000000000006,7.5,0.035,0.0,0.5,27.0,50.0
2017/Jun/17,,,,,,,,,,0.045,9.8,0.023,0.0,0.5,29.0,42.0
2017/Jun/18,,,,,,,,,,0.040999999999999995,4.1,0.016,0.0,0.4,9.0,38.0
2017/Jun/19,24.1,32.2,15,1014.3,52,0,16.1,13.9,22.2,0.06,5.4,0.042,0.0,0.3,13.0,67.0
2017/Jun/20,25.6,33.3,15,1016.1,53,0,16.1,11.3,20.6,0.052000000000000005,6.3,0.033,0.0,0.5,19.0,48.0
2017/Jun/21,26.4,34.4,17.8,1012.6,48,0,16.1,16.1,27.8,0.057,8.9,0.038,0.0,0.5,48.0,58.0
2017/Jun/22,,,,,,,,,,0.048,6.4,0.037000000000000005,0.0,0.5,,44.0
2017/Jun/23,,,,,,,,,,0.055,5.8,0.027000000000000003,0.001,0.4,31.0,51.0
2017/Jun/24,,,,,,,,,,0.05,5.6,0.024,0.0,0.3,23.0,46.0
2017/Jun/25,24.4,30.6,16.7,1022.2,43,0,16.1,13.7,22.2,0.051,5.3,0.031,0.0,0.4,18.0,47.0
2017/Jun/26,24.1,31.1,16.7,1020,50,0,16.1,10.4,20.6,0.057999999999999996,9.6,0.035,0.0,0.4,25.0,61.0
2017/Jun/27,25.4,33.3,18.3,1015.1,58,0,16.1,15.4,29.4,0.055,13.5,0.032,0.0,0.5,31.0,54.0
2017/Jun/28,,,,,,,,,,0.055999999999999994,14.0,0.027000000000000003,0.001,0.4,42.0,55.0
2017/Jun/29,,,,,,,,,,0.057999999999999996,10.8,0.031,0.001,0.5,32.0,61.0
2017/Jun/30,,,,,,,,,,0.057,6.9,0.034,0.0,0.5,19.0,58.0
2017/Jul/01,25.2,32.2,20.6,1015.7,74,0.51,15.8,12.8,25.9,0.065,6.1,0.03,0.0,0.5,13.0,84.0
2017/Jul/02,25.3,32.2,19.4,1016,73,0,16.1,14.1,27.8,0.039,9.7,0.022000000000000002,0.0,0.5,24.0,40.0
2017/Jul/03,25.2,34.4,19.4,1013.5,76,2.03,16.1,15.4,27.8,0.052000000000000005,19.0,0.027999999999999997,0.0,0.5,19.0,66.0
2017/Jul/04,,,,,,,,,,0.065,9.0,0.033,0.0,0.4,14.0,84.0
2017/Jul/05,,,,,,,,,,0.067,11.7,0.027999999999999997,0.001,0.4,16.0,90.0
2017/Jul/06,,,,,,,,,,0.07200000000000001,7.4,0.04,0.0,0.4,19.0,105.0
2017/Jul/07,27,30.6,24.4,1016.6,64,0,16.1,10.4,13,0.075,8.4,0.039,0.0,0.4,27.0,115.0
2017/Jul/08,27.9,35.6,21.1,1016.1,62,0,16.1,13.5,31.7,0.055999999999999994,7.1,0.03,0.0,0.5,18.0,54.0
2017/Jul/09,25.5,33.3,19.4,1016.1,73,0,16.1,13.5,29.4,0.053,6.2,0.025,0.0,0.5,13.0,49.0
2017/Jul/10,,,,,,,,,,0.045,7.4,0.035,0.0,0.5,21.0,42.0
2017/Jul/11,,,,,,,,,,0.044000000000000004,9.7,0.025,0.0,0.4,29.0,41.0
2017/Jul/12,,,,,,,,,,0.039,9.2,0.024,0.001,0.4,31.0,38.0
2017/Jul/13,29.1,36.1,22.2,1016,57,0,16.1,17.2,25.9,0.044000000000000004,7.9,0.027000000000000003,0.001,0.3,24.0,41.0
2017/Jul/14,28.7,36.1,20.6,1017.2,57,0,16.1,10.4,18.3,0.051,8.0,0.033,0.0,0.5,29.0,47.0
2017/Jul/15,28.4,36.1,20.6,1016.7,64,0,16.1,16.1,40.7,0.052000000000000005,8.2,0.034,0.0,0.5,20.0,48.0
2017/Jul/16,,,,,,,,,,0.057,7.3,0.025,0.0,0.5,19.0,58.0
2017/Jul/17,,,,,,,,,,0.054000000000000006,10.9,0.036000000000000004,0.0,0.4,23.0,50.0
2017/Jul/18,,,,,,,,,,0.055999999999999994,12.0,0.033,0.001,0.5,27.0,54.0
2017/Jul/19,29.9,37.2,21.1,1016.9,56,0,16.1,17,25.9,0.055,8.7,0.035,0.001,0.4,24.0,51.0
2017/Jul/20,30.6,38.3,22.2,1016.1,51,0,16.1,17,24.1,0.046,7.8,0.028999999999999998,0.001,0.3,24.0,43.0
2017/Jul/21,31.2,38.9,22.8,1013.2,49,0,16.1,16.9,27.8,0.051,10.6,0.032,0.001,0.5,36.0,47.0
2017/Jul/22,,,,,,,,,,0.049,9.9,0.027999999999999997,0.001,0.5,31.0,45.0
2017/Jul/23,,,,,,,,,,0.057999999999999996,10.2,0.022000000000000002,0.001,0.4,23.0,61.0
2017/Jul/24,,,,,,,,,,0.069,10.4,0.036000000000000004,0.0,0.5,21.0,97.0
2017/Jul/25,28.7,36.7,20,1015.1,60,0,16.1,15,25.9,0.057999999999999996,21.0,0.036000000000000004,0.0,0.6,52.0,70.0
2017/Jul/26,30.3,38.3,22.8,1014.4,55,0,16.1,20.9,29.4,0.040999999999999995,17.1,0.026000000000000002,0.001,0.5,57.0,62.0
2017/Jul/27,30.4,38.3,22.8,1012.7,53,0,16.1,15.2,46.5,0.066,9.5,0.035,0.0,0.4,32.0,87.0
2017/Jul/28,,,,,,,,,,0.061,10.0,0.026000000000000002,0.001,0.4,23.0,71.0
2017/Jul/29,,,,,,,,,,0.057999999999999996,8.5,0.027000000000000003,0.001,0.4,18.0,61.0
2017/Jul/30,,,,,,,,,,0.059000000000000004,9.4,0.021,0.001,0.4,19.0,64.0
2017/Jul/31,26.4,32.8,22.2,1017.8,55,0,16.1,11.3,20.6,0.062,11.3,0.034,0.001,0.5,26.0,74.0
2017/Aug/01,22.9,30,18.3,1017.6,75,0,14.6,11.3,24.1,0.045,8.7,0.037000000000000005,0.001,0.5,16.0,42.0
2017/Aug/02,24.1,31.7,20.6,1017.8,74,7.37,15,6.1,16.5,0.063,12.2,0.04,0.002,0.5,18.0,77.0
2017/Aug/03,25.4,33.9,18.3,1016.6,61,0,15.6,7.6,14.8,0.076,11.3,0.046,0.0,0.5,21.0,119.0
2017/Aug/04,,,,,,,,,,0.053,7.3,0.033,0.0,0.4,16.0,49.0
2017/Aug/05,,,,,,,,,,0.063,12.0,0.027999999999999997,0.0,0.5,26.0,77.0
2017/Aug/06,,,,,,,,,,0.05,6.2,0.023,0.0,0.4,10.0,46.0
2017/Aug/07,24.7,31.1,20.6,1014,70,0.25,16.1,20.6,29.4,0.048,8.0,0.023,0.0,0.4,13.0,44.0
2017/Aug/08,24.6,30.6,20,1018,65,0,16.1,15.2,22.2,0.05,11.0,0.031,0.0,0.4,20.0,46.0
2017/Aug/09,25,31.1,18.9,1017.3,66,0,16.1,11.5,20.6,0.055,15.7,0.038,0.0,0.6,29.0,59.0
2017/Aug/10,,,,,,,,,,0.049,10.0,0.034,0.0,0.6,17.0,45.0
2017/Aug/11,,,,,,,,,,0.055,6.8,0.033,0.0,0.4,12.0,51.0
2017/Aug/12,,,,,,,,,,0.038,11.2,0.024,0.0,0.5,17.0,47.0
2017/Aug/13,22.9,28.9,20,1013.1,85,27.69,15.1,9.4,20.6,0.046,10.0,0.028999999999999998,0.0,0.5,19.0,43.0
2017/Aug/14,25.1,30.6,20.6,1009.4,78,1.27,16.1,8.9,20.6,0.051,4.4,0.035,0.0,0.6,11.0,47.0
2017/Aug/15,25,31.7,21.1,1008.6,82,19.05,15.4,12.8,53.5,0.040999999999999995,10.9,0.031,0.0,0.5,21.0,45.0
2017/Aug/16,,,,,,,,,,0.038,9.4,0.023,0.0,0.4,25.0,39.0
2017/Aug/17,,,,,,,,,,0.065,5.9,0.039,0.002,0.5,17.0,84.0
2017/Aug/18,,,,,,,,,,0.038,8.9,0.028999999999999998,0.0,0.6,18.0,37.0
2017/Aug/19,27.6,35,20.6,1013.3,71,0,16.1,11.7,20.6,0.044000000000000004,9.8,0.028999999999999998,0.0,0.5,26.0,41.0
2017/Aug/20,27.1,35,21.1,1013.2,70,0,16.1,13.7,24.1,0.043,8.6,0.024,0.0,0.5,22.0,40.0
2017/Aug/21,27.7,32.8,21.1,1015.6,69,0,16.1,17.6,29.4,0.040999999999999995,8.3,0.024,0.0,0.5,22.0,38.0
2017/Aug/22,,,,,,,,,,0.054000000000000006,9.0,0.02,0.001,0.4,24.0,50.0
2017/Aug/23,,,,,,,,,,0.043,8.0,0.027000000000000003,0.0,0.4,15.0,40.0
2017/Aug/24,,,,,,,,,,0.038,8.9,0.028999999999999998,0.0,0.6,18.0,37.0
2017/Aug/25,22.2,29.4,16.7,1014.8,84,0,14.5,13.1,20.6,0.036000000000000004,9.7,0.028999999999999998,0.0,0.6,21.0,40.0
2017/Aug/26,23.2,28.3,19.4,1017.8,78,29.97,16.1,9.8,16.5,0.051,12.1,0.028999999999999998,0.0,0.7,26.0,51.0
2017/Aug/27,24.1,31.1,18.9,1016.9,71,0,16.1,5.9,16.5,0.049,11.7,0.027000000000000003,0.0,0.7,20.0,49.0
2017/Aug/28,,,,,,,,,,0.051,9.9,0.03,0.0,0.4,19.0,47.0
2017/Aug/29,,,,,,,,,,0.047,7.1,0.028999999999999998,0.0,0.4,18.0,44.0
2017/Aug/30,,,,,,,,,,0.044000000000000004,7.8,0.03,0.0,0.4,21.0,41.0
2017/Aug/31,23.4,28.9,17.2,1015.6,62,0,16.1,14.6,22.2,0.052000000000000005,8.6,0.028999999999999998,0.0,0.4,22.0,48.0
2017/Sep/01,22.7,28.9,15.6,1016.5,64,0,16.1,5.9,18.3,0.062,10.7,0.049,0.0,0.6,25.0,74.0
2017/Sep/02,23.6,30.6,15.6,1016.3,68,3.05,15.9,9.1,14.8,0.057999999999999996,11.6,0.031,0.0,0.6,21.0,61.0
2017/Sep/03,24.7,31.7,19.4,1017.2,73,0,15.4,6.5,11.1,0.063,17.0,0.040999999999999995,0.0,0.6,28.0,77.0
2017/Sep/04,,,,,,,,,,0.055999999999999994,13.4,0.036000000000000004,0.0,0.5,24.0,54.0
2017/Sep/05,,,,,,,,,,0.040999999999999995,8.8,0.031,0.001,0.3,29.0,38.0
2017/Sep/06,,,,,,,,,,0.047,6.8,0.037000000000000005,0.0,0.4,26.0,44.0
2017/Sep/07,18.6,27.8,11.1,1019.8,52,0,16.1,11.5,20.6,0.055999999999999994,8.8,0.043,0.0,0.5,31.0,54.0
2017/Sep/08,19.7,27.8,11.1,1019.4,58,0,16.1,13.7,24.1,0.057,11.9,0.040999999999999995,0.001,0.6,33.0,58.0
2017/Sep/09,20.3,27.8,12.2,1021.5,62,0,16.1,12.2,24.1,0.051,13.2,0.036000000000000004,0.0,0.6,29.0,53.0
2017/Sep/10,,,,,,,,,,0.052000000000000005,12.0,0.034,0.0,0.5,25.0,50.0
2017/Sep/11,,,,,,,,,,0.062,12.9,0.042,0.0,0.5,29.0,74.0
2017/Sep/12,,,,,,,,,,0.065,12.6,0.045,0.001,0.5,38.0,84.0
2017/Sep/13,21.1,31.1,10.6,1009.6,45,0,15.8,5.2,14.8,0.07200000000000001,12.2,0.067,0.002,0.6,48.0,105.0
2017/Sep/14,22.6,33.9,11.7,1008.7,56,0,16.1,12.8,20.6,0.073,15.4,0.049,0.001,0.6,45.0,108.0
2017/Sep/15,25.9,33.9,13.9,1008.8,59,0,16.1,21.5,37,0.063,14.1,0.038,0.0,0.6,,77.0
2017/Sep/16,,,,,,,,,,0.05,12.6,0.03,0.0,0.5,27.0,52.0
2017/Sep/17,,,,,,,,,,0.039,13.5,0.023,0.0,0.4,20.0,54.0
2017/Sep/18,,,,,,,,,,0.05,7.3,0.042,0.0,0.5,,46.0
2017/Sep/19,25.9,34.4,18.3,1009.6,69,2.03,16.1,21.3,35.2,0.043,9.7,0.026000000000000002,0.0,0.5,,40.0
2017/Sep/20,27,34.4,20.6,1007,64,0,16.1,23,31.7,0.043,10.0,0.034,0.0,0.4,,42.0
2017/Sep/21,28.3,33.9,21.1,1009.4,67,0,16.1,24.4,35.2,0.044000000000000004,11.3,0.031,0.0,0.4,23.0,47.0
2017/Sep/22,,,,,,,,,,0.04,9.5,0.026000000000000002,0.0,0.4,20.0,40.0
2017/Sep/23,,,,,,,,,,0.052000000000000005,12.2,0.028999999999999998,0.0,0.5,20.0,51.0
2017/Sep/24,,,,,,,,,,0.055999999999999994,12.9,0.03,0.0,0.4,20.0,54.0
2017/Sep/25,24.3,31.1,19.4,1010.7,67,0,16.1,15.6,25.9,0.049,11.3,0.039,0.0,0.4,23.0,47.0
2017/Sep/26,19.9,29.4,17.2,1013.8,94,9.14,12.6,16.7,25.9,0.023,3.9,0.013999999999999999,0.0,0.1,5.0,21.0
2017/Sep/27,16.3,21.1,15.6,1018,97,44.45,10,18.7,27.8,0.015,4.4,0.013000000000000001,0.0,0.3,6.0,18.0
2017/Sep/28,,,,,,,,,,0.033,4.6,0.027999999999999997,0.0,0.5,13.0,31.0
2017/Sep/29,,,,,,,,,,0.046,6.1,0.038,0.0,0.7,14.0,43.0
2017/Sep/30,,,,,,,,,,0.051,8.4,0.037000000000000005,0.0,0.7,19.0,47.0
2017/Oct/01,20.6,27.8,14.4,1015.6,58,0,16.1,15.9,27.8,0.059000000000000004,12.4,0.03,0.0,0.6,24.0,64.0
2017/Oct/02,22.4,29.4,15,1011,61,0,16.1,23,35.2,0.064,15.1,0.034,0.001,0.6,28.0,80.0
2017/Oct/03,23.9,29.4,17.2,1016,75,0,16.1,21.1,31.7,0.038,10.1,0.032,0.0,0.7,19.0,42.0
2017/Oct/04,,,,,,,,,,0.027000000000000003,7.2,0.024,0.0,0.6,10.0,30.0
2017/Oct/05,,,,,,,,,,0.043,10.9,0.038,0.0,0.7,24.0,45.0
2017/Oct/06,,,,,,,,,,0.06,11.5,0.032,0.0,0.6,24.0,67.0
2017/Oct/07,21.2,29.4,14.4,1006.8,61,7.11,16.1,18.9,48.2,0.052000000000000005,5.1,0.038,0.0,0.7,10.0,48.0
2017/Oct/08,18.3,28.3,9.4,1005.8,53,0,16.1,12.6,31.7,0.061,6.2,0.036000000000000004,0.0,0.7,11.0,71.0
2017/Oct/09,20.8,29.4,9.4,1004.4,62,0,16.1,18.7,37,0.05,8.9,0.031,0.0,0.5,27.0,46.0
2017/Oct/10,,,,,,,,,,0.040999999999999995,4.9,0.025,0.0,0.7,15.0,38.0
2017/Oct/11,,,,,,,,,,0.043,4.6,0.042,0.0,0.7,11.0,40.0
2017/Oct/12,,,,,,,,,,0.053,7.0,0.04,0.0,0.6,20.0,49.0
2017/Oct/13,22.7,30.6,8.9,1014.5,68,0,16.1,18.7,27.8,0.043,11.7,0.033,0.0,0.7,24.0,49.0
2017/Oct/14,24.8,31.7,16.7,1013,70,0,16.1,25.6,44.6,0.035,8.2,0.026000000000000002,0.0,0.6,21.0,34.0
2017/Oct/15,16.6,31.7,9.4,1022.4,62,23.62,15.3,30.7,87,0.039,5.0,0.025,0.0,0.4,8.0,36.0
2017/Oct/16,,,,,,,,,,0.043,6.0,0.038,0.0,0.7,10.0,40.0
2017/Oct/17,,,,,,,,,,0.052000000000000005,6.3,0.047,0.0,0.6,16.0,48.0
2017/Oct/18,,,,,,,,,,0.06,8.8,0.051,0.003,0.6,23.0,67.0
2017/Oct/19,16.7,26.7,8.3,1018.2,59,0,16.1,16.7,25.9,0.059000000000000004,13.0,0.052000000000000005,0.001,0.7,30.0,64.0
2017/Oct/20,18.5,26.1,10.6,1015.5,68,0,16.1,21.9,35.2,0.049,11.1,0.033,0.001,0.6,30.0,46.0
2017/Oct/21,22.2,26.7,14.4,1009,76,0,16.1,29.3,40.7,0.035,6.4,0.024,0.0,0.5,,32.0
2017/Oct/22,,,,,,,,,,0.04,3.4,0.036000000000000004,0.0,0.5,,37.0
2017/Oct/23,,,,,,,,,,0.04,3.4,0.02,0.001,0.5,,37.0
2017/Oct/24,,,,,,,,,,0.039,4.2,0.023,0.0,0.2,23.0,36.0
2017/Oct/25,11.6,23.9,2.2,1021.2,46,0,14.8,12.6,24.1,0.045,5.0,0.054000000000000006,0.0,0.4,23.0,51.0
2017/Oct/26,15.8,25,2.8,1006.5,49,0,16.1,19.1,37,0.048,6.5,0.027000000000000003,0.001,0.4,37.0,44.0
2017/Oct/27,8.3,20,2.8,1018.1,43,0,16.1,40.7,55.4,0.037000000000000005,4.8,0.021,0.0,0.2,23.0,34.0
2017/Oct/28,,,,,,,,,,0.039,5.7,0.04,0.0,0.5,29.0,38.0
2017/Oct/29,,,,,,,,,,0.04,5.2,0.032,0.0,0.5,24.0,37.0
2017/Oct/30,,,,,,,,,,0.037000000000000005,4.3,0.012,0.0,0.3,23.0,34.0
2017/Oct/31,6.7,16.1,1.7,1022.3,43,0,16.1,16.3,29.4,0.025,5.2,0.019,0.0,0.6,20.0,23.0
2017/Nov/01,9.9,23.9,1.1,1008.4,65,0,16.1,21.1,37,0.043,9.4,0.017,0.0,0.6,25.0,40.0
2017/Nov/02,16.9,25.6,10.6,1004.9,55,0,16.1,19.1,31.7,0.043,10.0,0.021,0.0,0.5,35.0,42.0
2017/Nov/03,11.1,15,9.4,1017.4,90,0,9.3,16.3,35.2,0.023,13.5,0.022000000000000002,0.0,0.7,14.0,54.0
2017/Nov/04,,,,,,,,,,0.044000000000000004,15.4,0.034,0.0,0.7,22.0,58.0
2017/Nov/05,,,,,,,,,,0.031,14.9,0.009000000000000001,0.0,0.7,23.0,57.0
2017/Nov/06,,,,,,,,,,0.017,15.6,0.021,0.0,0.3,29.0,58.0
2017/Nov/07,6.6,10.6,5,1021.2,77,0,14.5,20.2,33.5,0.016,16.0,0.009000000000000001,0.0,0.3,26.0,59.0
2017/Nov/08,5.8,9.4,3.9,1026,70,0.25,16.1,17.6,25.9,0.022000000000000002,11.7,0.027000000000000003,0.001,0.7,20.0,49.0
2017/Nov/09,5.4,15,-1.7,1025,69,0,15.1,3.3,9.4,0.024,10.1,0.022000000000000002,0.001,0.7,14.0,42.0
2017/Nov/10,,,,,,,,,,0.042,9.5,0.036000000000000004,0.001,0.9,18.0,40.0
2017/Nov/11,,,,,,,,,,0.037000000000000005,10.2,0.03,0.0,0.8,20.0,43.0
2017/Nov/12,,,,,,,,,,0.024,10.1,0.022000000000000002,0.001,0.7,14.0,42.0
2017/Nov/13,10.8,16.7,8.3,1027.5,77,0,16.1,13.5,24.1,0.027999999999999997,14.3,0.032,0.0,0.7,21.0,56.0
2017/Nov/14,14.9,21.7,8.3,1018,92,1.52,5.8,17.6,25.9,0.03,19.0,0.025,0.0,0.8,20.0,66.0
2017/Nov/15,17.9,21.7,12.8,1013.8,67,0,15.4,21.5,33.5,0.034,7.6,0.027999999999999997,0.001,0.7,16.0,32.0
2017/Nov/16,,,,,,,,,,0.026000000000000002,13.1,0.027000000000000003,0.0,0.8,23.0,53.0
2017/Nov/17,,,,,,,,,,0.037000000000000005,16.2,0.016,0.0,0.6,28.0,60.0
2017/Nov/18,,,,,,,,,,0.037000000000000005,5.8,0.016,0.0,0.3,24.0,34.0
2017/Nov/19,6.5,21.7,-1.7,1025.7,49,0,16.1,10.7,24.1,0.04,3.5,0.027000000000000003,0.0,0.4,11.0,37.0
2017/Nov/20,7.8,17.8,-0.5,1018.2,46,0,16.1,23.2,50,0.043,3.8,0.032,0.0,0.5,14.0,40.0
2017/Nov/21,9.6,17.8,1.1,1012.5,50,0,16.1,18.5,38.9,0.035,5.8,0.036000000000000004,0.0,0.5,33.0,34.0
2017/Nov/22,,,,,,,,,,0.03,9.7,0.035,0.0,0.8,23.0,40.0
2017/Nov/23,,,,,,,,,,0.042,7.7,0.042,0.0,0.8,23.0,40.0
2017/Nov/24,,,,,,,,,,0.051,6.5,0.042,0.0,0.8,23.0,47.0
2017/Nov/25,14.1,26.1,5,1014.8,44,0,16.1,16.1,25.9,0.039,5.2,0.026000000000000002,0.0,0.8,24.0,36.0
2017/Nov/26,10.6,20,0.6,1024.6,47,0,16.1,9.3,18.3,0.047,8.0,0.037000000000000005,0.0,1.0,26.0,44.0
2017/Nov/27,12.7,23.9,2.2,1017.2,63,0,16.1,20.7,38.9,0.054000000000000006,12.0,0.035,0.001,0.7,33.0,50.0
2017/Nov/28,,,,,,,,,,0.044000000000000004,11.0,0.027000000000000003,0.001,0.5,30.0,46.0
2017/Nov/29,,,,,,,,,,0.028999999999999998,10.5,0.03,0.0,0.7,14.0,44.0
2017/Nov/30,,,,,,,,,,0.032,9.8,0.021,0.0,0.7,16.0,41.0
2017/Dec/01,9.6,19.4,3.9,1021.4,61,0,16.1,10,27.8,0.042,8.2,0.037000000000000005,0.001,0.8,28.0,39.0
2017/Dec/02,12.9,20.6,3.9,1016.7,69,0,15.6,12.6,24.1,0.047,14.6,0.027000000000000003,0.001,0.7,33.0,56.0
2017/Dec/03,12.8,24.4,5.6,1015.6,77,0,11.4,13.9,38.9,0.04,18.1,0.04,0.0,0.8,28.0,64.0
2017/Dec/04,,,,,,,,,,0.036000000000000004,7.8,0.009000000000000001,0.001,0.5,32.0,33.0
2017/Dec/05,,,,,,,,,,0.036000000000000004,4.3,0.027999999999999997,0.002,0.4,20.0,33.0
2017/Dec/06,,,,,,,,,,0.035,5.3,0.026000000000000002,0.001,0.5,26.0,32.0
2017/Dec/07,0.2,11.7,-5,1030.8,49,0,16.1,22.8,40.7,0.034,6.5,0.036000000000000004,0.0,0.6,13.0,34.0
2017/Dec/08,-3.1,8.9,-10.6,1023.5,51,0,16.1,10.4,22.2,0.031,10.9,0.036000000000000004,0.001,0.8,36.0,45.0
2017/Dec/09,3.8,12.2,-2.2,1022.3,49,0,16.1,13.1,25.9,0.037000000000000005,6.3,0.037000000000000005,0.001,1.1,30.0,35.0
2017/Dec/10,,,,,,,,,,0.036000000000000004,8.2,0.037000000000000005,0.001,1.2,32.0,35.0
2017/Dec/11,,,,,,,,,,0.035,7.8,0.031,0.001,1.0,41.0,38.0
2017/Dec/12,,,,,,,,,,0.033,5.4,0.026000000000000002,0.0,0.2,20.0,31.0
2017/Dec/13,6.8,18.3,-0.6,1016.2,42,0,16.1,15.7,25.9,0.035,9.5,0.027000000000000003,0.0,0.2,40.0,40.0
2017/Dec/14,7.2,18.3,0,1017.3,44,0,16.1,15.7,27.8,0.032,12.5,0.031,0.001,0.5,39.0,52.0
2017/Dec/15,3.6,10.6,-3.3,1023.7,59,0,16.1,13.1,20.6,0.035,7.6,0.032,0.001,0.5,33.0,32.0
2017/Dec/16,,,,,,,,,,0.042,7.3,0.027000000000000003,0.0,0.5,27.0,39.0
2017/Dec/17,,,,,,,,,,0.022000000000000002,12.0,0.019,0.0,0.5,16.0,50.0
2017/Dec/18,,,,,,,,,,0.019,16.8,0.021,0.0,0.7,27.0,61.0
2017/Dec/19,10.6,13.3,3.3,1017.3,97,0,6.8,18.7,29.4,0.011000000000000001,12.3,0.021,0.0,0.7,19.0,51.0
2017/Dec/20,10.9,13.3,8.9,1014.1,97,15.75,4.8,9.8,20.6,0.018000000000000002,14.1,0.021,0.0,0.7,20.0,55.0
2017/Dec/21,10.1,18.3,5.6,1008,77,0.25,13.2,19.8,31.7,0.027999999999999997,11.5,0.018000000000000002,0.001,0.6,21.0,48.0
2017/Dec/22,,,,,,,,,,0.02,9.5,0.009000000000000001,0.0,0.2,15.0,40.0
2017/Dec/23,,,,,,,,,,0.027000000000000003,11.6,0.017,0.0,0.5,17.0,48.0
2017/Dec/24,,,,,,,,,,0.03,13.6,0.024,0.001,0.4,19.0,54.0
2017/Dec/25,-1.6,3.9,-6.1,1029.6,53,0,16.1,13,31.7,0.034,8.5,0.031,0.001,0.6,13.0,35.0
2017/Dec/26,-2.1,3.9,-5,1027.8,60,0,16.1,16.7,25.9,0.03,6.3,0.022000000000000002,0.001,0.4,12.0,28.0
2017/Dec/27,-5.6,0,-7.8,1036.2,57,0,16.1,19.6,29.4,0.03,6.8,0.023,0.0,0.5,13.0,28.0
2017/Dec/28,,,,,,,,,,0.023,13.1,0.02,0.0,0.6,26.0,53.0
2017/Dec/29,,,,,,,,,,0.018000000000000002,16.0,0.018000000000000002,0.0,0.6,23.0,59.0
2017/Dec/30,,,,,,,,,,0.027000000000000003,19.0,0.016,0.001,0.7,27.0,66.0
2017/Dec/31,-7,-6.7,-7.2,1026.3,78,0,11.3,12.6,24.1,0.034,7.1,0.013999999999999999,0.002,0.3,12.0,31.0
2018/Jan/01,-11.1,-6.1,-15,1043.4,50,0,16.1,19.4,29.4,0.035,5.4,0.022000000000000002,0.002,0.3,10.0,32.0
2018/Jan/02,-9.7,-6.7,-14.4,1039.2,51,0,16.1,9.6,16.5,0.027000000000000003,7.5,0.021,0.0,0.4,19.0,31.0
2018/Jan/03,-4.9,5,-12.8,1030.4,51,0,16.1,15.9,29.4,0.037000000000000005,8.0,0.032,0.002,1.0,22.0,34.0
2018/Jan/04,,,,,,,,,,0.037000000000000005,8.0,0.032,0.002,1.0,22.0,34.0
2018/Jan/05,,,,,,,,,,0.035,13.2,0.035,0.001,0.7,44.0,53.0
2018/Jan/06,,,,,,,,,,0.045,16.9,0.036000000000000004,0.001,0.7,43.0,61.0
2018/Jan/07,9.5,10,7.8,1014.9,74,0,12.9,29.1,50,0.040999999999999995,15.9,0.024,0.001,0.5,31.0,59.0
2018/Jan/08,5.5,12.2,0,1019.9,75,4.06,15.1,14.8,24.1,0.031,10.6,0.037000000000000005,0.001,1.1,18.0,44.0
2018/Jan/09,5.1,13.3,-2.2,1018.7,74,0,15.3,15.2,35.2,0.03,13.8,0.025,0.001,1.4,33.0,55.0
2018/Jan/10,,,,,,,,,,0.033,16.5,0.026000000000000002,0.0,0.6,36.0,60.0
2018/Jan/11,,,,,,,,,,0.032,7.6,0.017,0.0,0.4,21.0,32.0
2018/Jan/12,,,,,,,,,,0.032,4.0,0.016,0.0,0.2,9.0,30.0
2018/Jan/13,-3.8,1.7,-10,1035.2,44,0,16.1,16.3,27.8,0.032,5.1,0.026000000000000002,0.0,0.0,12.0,30.0
2018/Jan/14,0.9,10,-7.8,1031.5,41,0,16.1,16.5,31.7,0.032,7.5,0.027000000000000003,0.0,0.2,18.0,31.0
2018/Jan/15,-0.1,10,-6.1,1028,59,0,16.1,21.3,38.9,0.034,7.8,0.023,0.0,0.2,16.0,33.0
2018/Jan/16,,,,,,,,,,0.033,7.9,0.022000000000000002,0.001,0.2,14.0,33.0
2018/Jan/17,,,,,,,,,,0.028999999999999998,13.4,0.034,0.001,0.5,31.0,54.0
2018/Jan/18,,,,,,,,,,0.036000000000000004,8.9,0.022000000000000002,0.0,0.4,25.0,37.0
2018/Jan/19,2.9,15.6,-9.4,1018.9,45,0,16.1,21.9,35.2,0.034,9.3,0.019,0.0,0.6,21.0,39.0
2018/Jan/20,12,20,7.8,1010.6,65,0,16.1,31.3,38.9,0.04,7.2,0.013000000000000001,0.0,0.6,15.0,37.0
2018/Jan/21,14.2,21.1,8.3,1007.3,70,0,16.1,30.2,51.9,0.040999999999999995,8.7,0.011000000000000001,0.0,0.5,35.0,38.0
2018/Jan/22,,,,,,,,,,0.038,3.1,0.015,0.0,0.2,28.0,35.0
2018/Jan/23,,,,,,,,,,0.036000000000000004,4.8,0.039,0.001,0.9,17.0,37.0
2018/Jan/24,,,,,,,,,,0.04,6.2,0.045,0.0,1.1,25.0,42.0
2018/Jan/25,7.2,18.3,-3.8,1025.8,31,0,16.1,22.2,46.5,0.048,7.9,0.035,0.0,0.5,29.0,44.0
2018/Jan/26,10.9,15,8.9,1019,50,0.25,15.9,30.7,42.4,0.036000000000000004,9.0,0.027000000000000003,0.0,0.6,22.0,38.0
2018/Jan/27,9,15.6,0.6,1023.2,49,0,15.6,20.4,35.2,0.040999999999999995,5.1,0.037000000000000005,0.0,0.6,13.0,38.0
2018/Jan/28,,,,,,,,,,0.044000000000000004,8.3,0.037000000000000005,0.001,1.1,19.0,41.0
2018/Jan/29,,,,,,,,,,0.03,10.7,0.028999999999999998,0.001,0.6,21.0,45.0
2018/Jan/30,,,,,,,,,,0.036000000000000004,10.9,0.025,0.001,0.6,66.0,56.0
2018/Jan/31,11.5,20.6,6.7,1011.4,33,0,16.1,26.9,37,0.042,6.8,0.028999999999999998,0.001,0.4,32.0,39.0
2018/Feb/01,7.9,20.6,3.3,1016,42,0,16.1,27.4,42.4,0.038,5.2,0.017,0.002,0.3,21.0,35.0
2018/Feb/02,1.1,10,-3.3,1032.7,30,0,16.1,20.6,31.7,0.035,7.0,0.027999999999999997,0.0,0.6,24.0,32.0
2018/Feb/03,4.2,12.8,0,1019.3,43,0,16.1,22.6,40.7,0.036000000000000004,11.3,0.034,0.001,0.8,39.0,47.0
2018/Feb/04,,,,,,,,,,0.034,10.6,0.03,0.0,0.8,26.0,44.0
2018/Feb/05,,,,,,,,,,0.031,9.4,0.032,0.0,0.6,26.0,39.0
2018/Feb/06,,,,,,,,,,0.03,12.3,0.018000000000000002,0.001,0.7,25.0,51.0
2018/Feb/07,-1.8,5,-7.2,1028.6,48,0,16.1,19.3,29.4,0.036000000000000004,13.8,0.036000000000000004,0.001,0.7,31.0,55.0
2018/Feb/08,1.8,15.6,-7.2,1029.7,47,0,16.1,13.5,31.7,0.040999999999999995,11.8,0.04,0.001,1.0,36.0,49.0
2018/Feb/09,8.3,17.8,1.7,1017.6,50,0,15.9,21.5,37,0.040999999999999995,17.8,0.026000000000000002,0.001,0.5,37.0,63.0
2018/Feb/10,,,,,,,,,,0.031,14.6,0.006,0.0,0.2,25.0,56.0
2018/Feb/11,,,,,,,,,,0.038,8.7,0.033,0.002,0.6,17.0,36.0
2018/Feb/12,,,,,,,,,,0.038,10.3,0.044000000000000004,0.0,1.0,20.0,43.0
2018/Feb/13,3.1,10.6,-10,1029.3,66,0,16.1,13.5,22.2,0.031,12.4,0.026000000000000002,0.0,0.6,34.0,52.0
2018/Feb/14,10.3,20.6,5.6,1021.2,76,0,9.8,25.2,35.2,0.03,14.4,0.027999999999999997,0.0,0.6,27.0,56.0
2018/Feb/15,19.2,26.7,5.6,1011.7,63,0,16.1,25.7,37,0.036000000000000004,6.8,0.022000000000000002,0.001,0.6,23.0,33.0
2018/Feb/16,,,,,,,,,,0.034,7.2,0.022000000000000002,0.0,0.4,39.0,36.0
2018/Feb/17,,,,,,,,,,0.037000000000000005,7.6,0.038,0.0,0.9,14.0,36.0
2018/Feb/18,,,,,,,,,,0.026000000000000002,9.5,0.031,0.0,1.0,13.0,40.0
2018/Feb/19,16.1,23.3,7.2,1006.4,81,0,13.2,34.4,44.6,0.022000000000000002,12.8,0.013999999999999999,0.0,0.4,19.0,52.0
2018/Feb/20,6.3,20,-3.3,1010.2,84,0,11.4,27.4,51.9,0.031,7.7,0.011000000000000001,0.0,0.4,12.0,32.0
2018/Feb/21,-4.8,-2.8,-6.1,1027.7,85,19.3,14,28.7,38.9,0.031,7.1,0.013000000000000001,0.0,0.3,10.0,30.0
2018/Feb/22,,,,,,,,,,0.024,7.7,0.022000000000000002,0.0,0.3,9.0,32.0
2018/Feb/23,,,,,,,,,,0.016,5.8,0.016,0.0,0.5,8.0,24.0
2018/Feb/24,,,,,,,,,,0.024,6.2,0.026000000000000002,0.0,0.6,10.0,26.0
2018/Feb/25,5.3,17.2,-3.9,1016.1,-,11.68,14.8,11.7,24.1,0.045,8.7,0.03,0.0,1.0,15.0,42.0
2018/Feb/26,9.3,18.3,-2.7,1020.6,50,0,16.1,12.6,27.8,0.052000000000000005,10.3,0.039,0.001,0.9,25.0,48.0
2018/Feb/27,9.1,18.3,0.6,1018.1,81,0,13.2,17.2,27.8,0.035,6.3,0.024,0.0,0.7,14.0,32.0
2018/Feb/28,,,,,,,,,,0.028999999999999998,7.8,0.019,0.0,0.5,17.0,33.0
2018/Mar/01,11.3,17.2,3.9,1016.4,55,0.25,15,28.5,42.4,0.047,12.7,0.033,0.0,0.6,21.0,52.0
2018/Mar/02,10.6,18.9,2,1025.2,37,0,16.1,15.4,27.8,0.051,7.0,0.03,0.0,0.7,28.0,47.0
2018/Mar/03,12.9,20.6,3.9,1020.6,62,0,16.1,27.2,38.9,0.053,10.1,0.023,0.0,0.6,28.0,49.0
2018/Mar/04,,,,,,,,,,0.043,13.2,0.016,0.0,0.6,23.0,53.0
2018/Mar/05,,,,,,,,,,0.047,6.8,0.037000000000000005,0.0,0.5,35.0,44.0
2018/Mar/06,,,,,,,,,,0.044000000000000004,8.5,0.033,0.0,0.5,63.0,55.0
2018/Mar/07,4.8,15.6,-1.7,1025.3,39,0,16.1,22.8,42.4,0.046,13.3,0.042,0.001,0.7,24.0,54.0
2018/Mar/08,7.5,19.4,-1,1022.2,38,0,15.6,8.7,24.1,0.055,29.4,0.044000000000000004,0.0,1.1,65.0,87.0
2018/Mar/09,13.2,22.2,-0.5,1010.3,46,0,16.1,24.1,33.5,0.054000000000000006,12.1,0.040999999999999995,0.0,0.6,48.0,51.0
2018/Mar/10,,,,,,,,,,0.038,17.2,0.033,0.0,1.0,37.0,62.0
2018/Mar/11,,,,,,,,,,0.044000000000000004,13.1,0.008,0.003,0.7,25.0,53.0
2018/Mar/12,,,,,,,,,,0.051,15.1,0.031,0.003,0.4,30.0,57.0
2018/Mar/13,6.4,14.4,-1.1,1027,41,0,16.1,10.9,22.2,0.055,17.2,0.033,0.003,0.7,41.0,62.0
2018/Mar/14,8.4,19.4,-2.2,1025.1,35,0,16.1,12,25.9,0.059000000000000004,23.1,0.047,0.001,1.0,68.0,74.0
2018/Mar/15,13.8,23.9,6.7,1012.2,39,0,16.1,28.5,48.2,0.067,22.2,0.035,0.0,0.5,64.0,90.0
2018/Mar/16,,,,,,,,,,0.052000000000000005,6.1,0.027999999999999997,0.002,0.5,29.0,48.0
2018/Mar/17,,,,,,,,,,0.039,6.0,0.022000000000000002,0.002,0.5,18.0,36.0
2018/Mar/18,,,,,,,,,,0.042,28.5,0.025,0.0,0.6,40.0,85.0
2018/Mar/19,11.1,18.9,7.2,1003.7,64,0,15.3,28.9,61.1,0.036000000000000004,7.2,0.013000000000000001,0.0,0.5,18.0,33.0
2018/Mar/20,7.2,17.2,2.8,1015.7,61,0,16.1,31.1,42.4,0.042,6.8,0.033,0.0,0.1,15.0,39.0
2018/Mar/21,9.9,19.4,-1.1,1019.9,44,0,16.1,5.9,16.5,0.051,11.0,0.035,0.001,1.0,27.0,47.0
2018/Mar/22,,,,,,,,,,0.063,30.2,0.04,0.001,0.1,77.0,89.0
2018/Mar/23,,,,,,,,,,0.048,8.8,0.025,0.0,0.7,27.0,44.0
2018/Mar/24,,,,,,,,,,0.047,14.2,0.027999999999999997,0.001,0.6,20.0,55.0
2018/Mar/25,12.8,22.2,7.2,1012.4,64,0,16.1,19.3,27.8,0.032,23.6,0.013000000000000001,0.0,0.6,33.0,75.0
2018/Mar/26,19.1,25.6,16.7,1008.3,77,0,13.5,27,33.5,0.033,14.1,0.025,0.001,0.6,28.0,55.0
2018/Mar/27,11.6,25.6,7.2,1014.9,90,7.87,13.4,20.2,29.4,0.017,11.9,0.008,0.0,0.5,8.0,50.0
2018/Mar/28,,,,,,,,,,0.028999999999999998,8.5,0.021,0.0,0.6,13.0,35.0
2018/Mar/29,,,,,,,,,,0.033,15.0,0.02,0.0,0.6,19.0,57.0
2018/Mar/30,,,,,,,,,,0.046,15.7,0.027999999999999997,0.0,0.7,28.0,59.0
2018/Mar/31,14.7,21.7,2.8,1017,60,0,16.1,21.9,37,0.053,9.3,0.024,0.0,0.6,18.0,49.0
2018/Apr/01,7.7,21.7,2.2,1018.1,63,0,15.8,26.3,37,0.035,9.2,0.013999999999999999,0.001,0.3,16.0,38.0
2018/Apr/02,3.2,12.8,0,1013.8,71,0,16.1,15.7,38.9,0.03,11.3,0.024,0.0,0.6,28.0,47.0
2018/Apr/03,14.2,18.9,9.4,1006.8,68,0,15.4,40.7,61.1,0.04,8.8,0.008,0.001,0.4,23.0,37.0
2018/Apr/04,,,,,,,,,,0.049,6.3,0.027999999999999997,0.001,0.6,18.0,45.0
2018/Apr/05,,,,,,,,,,0.055,8.7,0.027999999999999997,0.001,0.5,43.0,51.0
2018/Apr/06,,,,,,,,,,0.043,11.7,0.02,0.001,0.5,22.0,49.0
2018/Apr/07,0.4,7.2,-4.4,1020.5,65,1.02,15,32.8,46.5,0.044000000000000004,6.8,0.027000000000000003,0.001,0.0,13.0,41.0
2018/Apr/08,3.3,8.9,-4.3,1015.5,64,0.25,16.1,13,29.4,0.044000000000000004,9.2,0.023,0.0,0.0,11.0,41.0
2018/Apr/09,9.6,20,-1,1016.4,61,0,16.1,12.4,31.7,0.052000000000000005,20.8,0.036000000000000004,0.001,0.1,33.0,69.0
2018/Apr/10,,,,,,,,,,0.052000000000000005,17.3,0.027000000000000003,0.0,0.1,32.0,62.0
2018/Apr/11,,,,,,,,,,0.062,12.2,0.027999999999999997,0.0,0.6,41.0,74.0
2018/Apr/12,,,,,,,,,,0.055,9.0,0.026000000000000002,0.0,0.5,35.0,51.0
2018/Apr/13,23.6,30.6,17.2,997.3,47,0.25,16.1,39.3,55.4,0.057999999999999996,43.8,0.019,0.002,0.5,84.0,121.0
2018/Apr/14,7.8,22,1.1,1011.1,40,0,14.3,39.4,51.9,0.046,4.4,0.002,0.0,0.4,26.0,43.0
2018/Apr/15,3.9,15,-1.7,1020.5,40,0,16.1,35.6,42.4,0.054000000000000006,5.5,0.035,0.0,0.3,13.0,50.0
2018/Apr/16,,,,,,,,,,0.064,7.8,0.028999999999999998,0.0,0.5,26.0,80.0
2018/Apr/17,,,,,,,,,,0.057999999999999996,8.8,0.028999999999999998,0.0,0.5,39.0,61.0
2018/Apr/18,,,,,,,,,,0.052000000000000005,10.1,0.013000000000000001,0.0,0.3,83.0,65.0
2018/Apr/19,12.4,23.3,5.6,1026.2,36,0,16.1,18.3,29.4,0.06,9.7,0.027999999999999997,0.001,0.4,28.0,67.0
2018/Apr/20,12.1,20,4.4,1024.1,45,0,16.1,21.7,37,0.055,12.8,0.027000000000000003,0.0,0.5,29.0,52.0
2018/Apr/21,11.3,20,4.4,1017,69,6.86,12.1,21.3,42.4,0.04,8.8,0.019,0.0,0.4,15.0,37.0
2018/Apr/22,,,,,,,,,,0.053,10.9,0.009000000000000001,0.002,0.2,16.0,49.0
2018/Apr/23,,,,,,,,,,0.06,10.7,0.016,0.0,0.2,18.0,67.0
2018/Apr/24,,,,,,,,,,0.075,10.5,0.034,0.0,0.5,21.0,115.0
2018/Apr/25,12.2,25.6,7.2,1020.4,71,4.57,14,31.1,42.4,0.032,4.5,0.006,0.0,0.2,7.0,30.0
2018/Apr/26,11,20.6,2.2,1017.2,65,14.99,15.3,9.8,27.8,0.06,8.0,0.021,0.0,0.3,13.0,67.0
2018/Apr/27,15.4,21.7,2.2,1018.2,47,0,16.1,14.6,25.9,0.055999999999999994,6.5,0.044000000000000004,0.0,0.6,17.0,54.0
2018/Apr/28,,,,,,,,,,0.07200000000000001,9.4,0.043,0.0,0.7,24.0,105.0
2018/Apr/29,,,,,,,,,,0.069,12.3,0.025,0.0,0.7,31.0,97.0
2018/Apr/30,,,,,,,,,,0.061,11.3,0.027999999999999997,0.0,0.5,36.0,71.0
2018/May/01,21.3,25.6,14.4,1010,73,0,16.1,35.4,40.7,0.049,12.5,0.022000000000000002,0.0,0.6,33.0,52.0
2018/May/02,23.5,27.8,18.9,1010.3,75,0,16.1,33,40.7,0.042,10.6,0.021,0.0,0.6,29.0,44.0
2018/May/03,20.5,28.3,16.1,1009.5,78,33.27,14.6,25.7,51.9,0.052000000000000005,7.1,0.027000000000000003,0.0,0.6,17.0,48.0
2018/May/04,,,,,,,,,,0.055,7.3,0.03,0.0,0.3,15.0,51.0
2018/May/05,,,,,,,,,,0.069,10.7,0.043,0.001,0.5,24.0,97.0
2018/May/06,,,,,,,,,,0.066,9.1,0.036000000000000004,0.0,0.6,23.0,87.0
2018/May/07,24.3,31.1,12.2,1017.4,51,0,16.1,10.9,29.4,0.064,10.8,0.035,0.0,0.7,29.0,80.0
2018/May/08,23.8,31.1,17.2,1012.1,54,0,16.1,25.4,42.4,0.065,9.8,0.036000000000000004,0.0,0.6,30.0,84.0
2018/May/09,24.6,31.1,17.2,1010.7,53,0,16.1,18.9,29.4,0.068,8.8,0.02,0.0,0.6,31.0,93.0
2018/May/10,,,,,,,,,,0.067,11.0,0.027999999999999997,0.0,0.6,37.0,90.0
2018/May/11,,,,,,,,,,0.054000000000000006,9.5,0.027999999999999997,0.0,0.5,35.0,50.0
2018/May/12,,,,,,,,,,0.048,11.0,0.024,0.0,0.6,30.0,46.0
2018/May/13,24.3,29.4,18.9,1012.1,68,0,16.1,23.3,35.2,0.043,12.9,0.02,0.0,0.6,24.0,53.0
2018/May/14,25.5,31.7,18.9,1011.6,67,0,16.1,24.6,35.2,0.04,13.1,0.021,0.0,0.6,26.0,53.0
2018/May/15,21.6,28.3,18,1012.8,76,2.54,15.1,18.1,38.9,,,,,,,
2018/May/16,,,,,,,,,,0.066,6.5,0.03,0.0,0.6,13.0,87.0
2018/May/17,,,,,,,,,,0.062,7.1,0.039,0.0,0.6,19.0,74.0
2018/May/18,,,,,,,,,,0.059000000000000004,9.3,0.031,0.0,0.7,23.0,64.0
2018/May/19,25.9,31.7,17.8,1006.9,63,0,16.1,19.8,31.7,0.048,12.2,0.025,0.0,0.6,31.0,51.0
2018/May/20,20.1,31.7,16.1,1014.9,78,14.22,14.8,15.9,48.2,0.04,11.2,0.018000000000000002,0.0,0.5,16.0,47.0
2018/May/21,19.9,26.7,15,1016.5,75,11.43,14.2,7.2,13,0.061,9.5,0.032,0.0,0.7,19.0,71.0
2018/May/22,,,,,,,,,,0.061,8.8,0.035,0.0,0.7,24.0,71.0
2018/May/23,,,,,,,,,,0.051,9.3,0.025,0.0,0.6,23.0,47.0
2018/May/24,,,,,,,,,,0.049,9.3,0.03,0.0,0.6,22.0,45.0
2018/May/25,22.9,28.9,17,1012.9,73,4.06,15.3,17,33.5,0.059000000000000004,6.0,0.033,0.0,0.7,12.0,64.0
2018/May/26,24.6,32.2,17.8,1009.4,68,23.37,16.1,9.8,16.5,0.068,7.5,0.025,0.0,0.7,19.0,93.0
2018/May/27,25.9,32.2,17.8,1009.2,71,0,16.1,14.3,24.1,0.053,9.1,0.016,0.0,0.6,18.0,49.0
2018/May/28,,,,,,,,,,0.053,11.1,0.02,0.0,0.6,18.0,49.0
2018/May/29,,,,,,,,,,0.059000000000000004,13.2,0.031,0.0,0.7,28.0,64.0
2018/May/30,,,,,,,,,,0.057999999999999996,9.0,0.034,0.0,0.6,23.0,61.0
2018/May/31,26.6,33.9,19.4,1005.8,70,1.27,15.9,21.5,35.2,0.044000000000000004,8.2,0.028999999999999998,0.0,0.7,25.0,41.0
2018/Jun/01,28.3,34.4,20,1007.9,68,0,16.1,18.1,29.4,0.055999999999999994,13.4,0.027000000000000003,0.0,0.8,40.0,54.0
2018/Jun/02,28.6,34.4,22.8,1008.1,61,0,15.4,21.7,38.9,0.064,13.7,0.02,0.0,0.6,28.0,80.0
2018/Jun/03,25,33.3,18.9,1018.6,43,0,16.1,19.1,27.8,0.055,4.2,0.028999999999999998,0.0,0.5,15.0,51.0
2018/Jun/04,,,,,,,,,,0.052000000000000005,9.6,0.034,0.0,0.7,31.0,48.0
2018/Jun/05,,,,,,,,,,0.057999999999999996,10.4,0.035,0.0,0.7,26.0,61.0
2018/Jun/06,,,,,,,,,,0.048,10.7,0.025,0.001,0.7,25.0,45.0
2018/Jun/07,23.8,33.9,18.3,1010.7,81,0,13.7,22,40.7,0.043,8.6,0.027000000000000003,0.0,0.6,18.0,40.0
2018/Jun/08,23.5,31.1,17.8,1014.4,72,17.53,16.1,13.9,29.4,0.055999999999999994,8.1,0.035,0.0,0.8,19.0,54.0
2018/Jun/09,26.9,33.9,17.8,1014.2,65,0,16.1,18.9,33.5,0.05,9.4,0.021,0.0,0.7,22.0,46.0
2018/Jun/10,,,,,,,,,,0.04,11.2,0.016,0.0,0.6,32.0,47.0
2018/Jun/11,,,,,,,,,,0.045,19.6,0.023,0.0,0.7,70.0,67.0
2018/Jun/12,,,,,,,,,,0.036000000000000004,10.6,0.027000000000000003,0.0,0.7,29.0,44.0
2018/Jun/13,26.8,34.4,21.7,1013,71,7.37,15.3,12,18.3,0.055999999999999994,11.7,0.027999999999999997,0.0,0.7,33.0,54.0
2018/Jun/14,28.1,34.4,20.6,1012.4,58,0,16.1,18.7,27.8,0.046,8.6,0.025,0.0,0.6,28.0,43.0
2018/Jun/15,28.3,34.4,20.6,1010.3,54,0,16.1,21.7,31.7,0.044000000000000004,7.1,0.026000000000000002,0.0,0.7,29.0,41.0
2018/Jun/16,,,,,,,,,,0.039,7.1,0.018000000000000002,0.0,0.6,23.0,36.0
2018/Jun/17,,,,,,,,,,0.035,9.7,0.013000000000000001,0.0,0.6,30.0,40.0
2018/Jun/18,,,,,,,,,,0.033,9.0,0.019,0.0,0.6,34.0,38.0
2018/Jun/19,25.7,32.2,20.6,1012.9,71,0,16.1,17.2,25.9,0.033,9.0,0.022000000000000002,0.0,0.6,33.0,38.0
2018/Jun/20,25.2,32.2,20,1010.9,68,2.54,15.9,13,27.8,0.071,7.8,0.036000000000000004,0.0,0.5,21.0,101.0
2018/Jun/21,25.6,34.4,20,1011.9,53,0.51,16.1,15,27.8,0.057999999999999996,7.2,0.036000000000000004,0.002,0.5,20.0,61.0
2018/Jun/22,,,,,,,,,,0.063,9.6,0.04,0.001,0.7,32.0,77.0
2018/Jun/23,,,,,,,,,,0.063,5.8,0.028999999999999998,0.0,0.7,12.0,77.0
2018/Jun/24,,,,,,,,,,0.05,4.5,0.03,0.0,0.6,11.0,46.0
2018/Jun/25,21.8,29.4,17.8,1011.8,79,53.85,15,18.9,50,0.065,3.9,0.035,0.0,0.6,10.0,84.0
2018/Jun/26,27.4,33.9,17.8,1012.5,69,3.81,16.1,19.8,31.7,0.040999999999999995,9.3,0.025,0.0,0.6,23.0,39.0
2018/Jun/27,29.5,35.6,22.2,1010.4,58,0,16.1,21.3,29.4,0.048,9.4,0.026000000000000002,0.0,0.6,26.0,44.0
2018/Jun/28,,,,,,,,,,0.046,8.5,0.028999999999999998,0.0,0.6,26.0,43.0
2018/Jun/29,,,,,,,,,,0.040999999999999995,10.1,0.023,0.0,0.7,36.0,42.0
2018/Jun/30,,,,,,,,,,0.037000000000000005,16.9,0.028999999999999998,0.0,0.6,53.0,61.0
2018/Jul/01,24.1,33.3,20.6,1010.8,83,16,15,12.2,20.6,0.033,27.5,0.022000000000000002,0.0,0.7,92.0,83.0
2018/Jul/02,27.1,33.9,21.7,1013.3,77,0.25,14.6,12.8,22.2,0.052000000000000005,23.1,0.027999999999999997,0.0,0.6,73.0,74.0
2018/Jul/03,29.2,35,22.8,1012.2,61,0,16.1,19.1,27.8,0.053,17.6,0.033,0.0,0.6,61.0,63.0
2018/Jul/04,,,,,,,,,,0.042,18.1,0.02,0.0,0.5,36.0,64.0
2018/Jul/05,,,,,,,,,,0.046,15.2,0.023,0.0,0.6,30.0,58.0
2018/Jul/06,,,,,,,,,,0.051,11.8,0.024,0.0,0.6,26.0,49.0
2018/Jul/07,27.4,33.9,22.2,1020.3,62,0,16.1,9.6,29.4,0.054000000000000006,11.3,0.024,0.0,0.6,22.0,50.0
2018/Jul/08,26.6,33.3,20.6,1018.6,62,0,16.1,9.8,20.6,0.049,12.0,0.019,0.0,0.6,21.0,50.0
2018/Jul/09,26.3,33.3,20,1019.8,65,0,16.1,11.1,22.2,0.063,10.8,0.037000000000000005,0.0,0.6,24.0,77.0
2018/Jul/10,,,,,,,,,,0.055999999999999994,9.4,0.033,0.0,0.6,24.0,54.0
2018/Jul/11,,,,,,,,,,0.052000000000000005,11.4,0.034,0.0,0.7,35.0,48.0
2018/Jul/12,,,,,,,,,,0.054000000000000006,14.1,0.028999999999999998,0.0,0.7,47.0,55.0
2018/Jul/13,26.9,34.4,20,1016,67,0,16.1,15.2,22.2,0.057,10.8,0.03,0.001,0.6,35.0,58.0
2018/Jul/14,28.2,33.9,20,1015.1,62,0,16.1,11.9,22.2,0.049,12.4,0.027000000000000003,0.001,0.6,36.0,52.0
2018/Jul/15,27.6,34.4,21.7,1013.6,66,0,16.1,11.3,20.6,0.049,9.3,0.021,0.001,0.6,25.0,45.0
2018/Jul/16,,,,,,,,,,0.068,16.8,0.032,0.001,0.6,41.0,93.0
2018/Jul/17,,,,,,,,,,0.054000000000000006,22.2,0.033,0.0,0.6,69.0,72.0
2018/Jul/18,,,,,,,,,,0.053,19.6,0.03,0.0,0.7,56.0,67.0
2018/Jul/19,29.7,40.6,21.7,1009.7,55,0,15.6,12.6,24.1,0.084,20.2,0.047,0.0,0.7,61.0,147.0
2018/Jul/20,32.8,42.8,21.7,1008.2,37,0,16.1,18,25.9,0.057999999999999996,13.7,0.027999999999999997,0.0,0.5,44.0,61.0
2018/Jul/21,31.6,42.8,23.3,1010.5,39,0,16.1,13.3,27.8,0.076,12.8,0.024,0.0,0.7,38.0,119.0
2018/Jul/22,,,,,,,,,,0.055,8.7,0.021,0.0,0.6,23.0,51.0
2018/Jul/23,,,,,,,,,,0.057999999999999996,12.9,0.027999999999999997,0.0,0.5,26.0,61.0
2018/Jul/24,,,,,,,,,,0.057999999999999996,11.4,0.031,0.0,0.5,25.0,61.0
2018/Jul/25,28.1,35.6,18.3,1017.1,46,0,16.1,7.4,18.3,0.07,15.0,0.048,0.0,0.7,38.0,100.0
2018/Jul/26,27.7,35.6,18.3,1015.1,51,0,16.1,15.4,27.8,0.054000000000000006,12.4,0.032,0.002,0.6,31.0,52.0
2018/Jul/27,25.6,32.2,21.7,1017.2,65,0,16.1,14.8,25.9,0.063,9.6,0.02,0.0,0.6,21.0,77.0
2018/Jul/28,,,,,,,,,,0.077,14.1,0.016,0.0,0.6,30.0,122.0
2018/Jul/29,,,,,,,,,,0.085,13.7,0.006,0.0,0.6,19.0,150.0
2018/Jul/30,,,,,,,,,,0.062,6.7,0.021,0.0,0.5,11.0,74.0
2018/Jul/31,22.6,30,17.2,1017.7,65,50.04,16.1,14.6,22.2,0.055999999999999994,7.8,0.031,0.001,0.5,15.0,54.0
2018/Aug/01,24.2,30.6,16.7,1017.2,53,0,16.1,5.2,16.5,0.077,10.2,0.032,0.0,0.4,23.0,122.0
2018/Aug/02,24.9,31.7,16.7,1015.9,54,0,16.1,11.9,20.6,0.07200000000000001,11.5,0.038,0.001,0.4,29.0,105.0
2018/Aug/03,26.4,33.3,17.8,1015.5,50,0,16.1,19.6,31.7,0.07,14.2,0.04,0.0,0.4,51.0,100.0
2018/Aug/04,,,,,,,,,,0.07200000000000001,13.5,0.032,0.001,0.4,30.0,105.0
2018/Aug/05,,,,,,,,,,0.05,11.9,0.023,0.0,0.4,31.0,50.0
2018/Aug/06,,,,,,,,,,0.046,10.3,0.026000000000000002,0.0,0.4,33.0,43.0
2018/Aug/07,27.6,31.1,25.6,1014.9,56,0,16.1,13.7,14.8,0.048,6.7,0.027999999999999997,0.0,0.4,24.0,44.0
2018/Aug/08,23.4,27.2,18.3,1014.2,78,50.55,13.8,18.9,57.6,0.055999999999999994,7.3,0.039,0.0,0.4,13.0,54.0
2018/Aug/09,24.9,32.8,18.9,1015.6,71,20.57,15,4.8,16.5,0.079,7.6,0.036000000000000004,0.0,0.6,15.0,129.0
2018/Aug/10,,,,,,,,,,0.069,9.2,0.083,0.0,0.6,24.0,97.0
2018/Aug/11,,,,,,,,,,0.066,10.6,0.07200000000000001,0.0,0.6,21.0,87.0
2018/Aug/12,,,,,,,,,,0.034,6.5,0.018000000000000002,0.0,0.6,14.0,31.0
2018/Aug/13,22.8,26.1,20,1015,93,6.6,13.8,14.6,20.6,0.027999999999999997,7.9,0.019,0.0,0.6,20.0,33.0
2018/Aug/14,22.7,28.9,19.4,1012.2,90,3.81,11.7,12.4,37,0.047,11.3,0.023,0.0,0.4,27.0,47.0
2018/Aug/15,24.1,30,18.9,1011.9,79,128.52,14.6,10.6,59.4,0.053,12.0,0.025,0.0,0.2,29.0,50.0
2018/Aug/16,,,,,,,,,,0.043,11.4,0.03,0.0,0.5,26.0,48.0
2018/Aug/17,,,,,,,,,,0.063,12.4,0.024,0.0,0.3,28.0,77.0
2018/Aug/18,,,,,,,,,,0.061,10.6,0.036000000000000004,0.0,0.5,18.0,71.0
2018/Aug/19,25.4,31.7,21.7,1010.2,79,8.89,15.4,13.7,24.1,0.054000000000000006,7.2,0.018000000000000002,0.0,0.4,13.0,50.0
2018/Aug/20,23.4,30,18.3,1013,67,2.79,16.1,19.3,35.2,0.045,16.9,0.013999999999999999,0.0,0.4,27.0,61.0
2018/Aug/21,22.8,28.9,17.2,1018.4,68,0,15.9,10.9,18.3,0.055,19.6,0.027999999999999997,0.0,0.5,32.0,67.0
2018/Aug/22,,,,,,,,,,0.049,22.1,0.027999999999999997,0.0,0.5,36.0,72.0
2018/Aug/23,,,,,,,,,,0.07,19.3,0.03,0.001,0.5,45.0,100.0
2018/Aug/24,,,,,,,,,,0.057999999999999996,15.6,0.031,0.0,0.4,33.0,61.0
2018/Aug/25,28.6,34.4,21.7,1011.9,57,0,16.1,21.1,33.5,0.054000000000000006,13.2,0.025,0.0,0.5,27.0,53.0
2018/Aug/26,27.9,33.9,22.8,1014,61,0,16.1,22,35.2,0.057,14.9,0.02,0.0,0.4,29.0,58.0
2018/Aug/27,28.5,33.9,22.8,1010.6,56,0,16.1,27.4,40.7,0.051,13.6,0.026000000000000002,0.0,0.4,33.0,54.0
2018/Aug/28,,,,,,,,,,0.043,8.6,0.021,0.0,0.3,27.0,40.0
2018/Aug/29,,,,,,,,,,0.055999999999999994,14.3,0.031,0.002,0.4,35.0,56.0
2018/Aug/30,,,,,,,,,,0.05,8.4,0.026000000000000002,0.0,0.4,33.0,46.0
2018/Aug/31,27.9,34.4,21.7,1012.3,60,0,16.1,19.8,29.4,0.054000000000000006,8.7,0.03,0.0,0.4,32.0,50.0
2018/Sep/01,27.2,33.9,20.6,1011.7,62,0,16.1,15,25.9,0.055,9.2,0.025,0.001,0.4,19.0,51.0
2018/Sep/02,27,33.3,21.1,1012,66,0,16.1,20,27.8,0.037000000000000005,14.0,0.013999999999999999,0.001,0.3,14.0,55.0
2018/Sep/03,25.1,31.7,21.7,1014,75,0,16.1,18.9,27.8,0.028999999999999998,4.4,0.011000000000000001,0.0,0.3,10.0,27.0
2018/Sep/04,,,,,,,,,,0.027999999999999997,6.3,0.019,0.002,0.5,13.0,26.0
2018/Sep/05,,,,,,,,,,0.042,6.3,0.021,0.0,0.2,12.0,39.0
2018/Sep/06,,,,,,,,,,0.031,5.9,0.021,0.0,0.4,11.0,29.0
2018/Sep/07,23.2,28.9,21.7,1016.6,91,5.33,14.6,12.4,25.9,0.023,5.2,0.016,0.0,0.3,10.0,22.0
2018/Sep/08,21.2,25.6,19.4,1015,91,31.24,15.3,15.9,22.2,0.023,4.4,0.012,0.0,0.2,9.0,21.0
2018/Sep/09,19.3,23.9,16.7,1014.3,82,0.25,14.6,14.8,25.9,0.032,4.5,0.022000000000000002,0.0,0.4,9.0,30.0
2018/Sep/10,,,,,,,,,,0.042,7.1,0.028999999999999998,0.0,0.6,15.0,39.0
2018/Sep/11,,,,,,,,,,0.036000000000000004,7.9,0.021,0.0,0.6,20.0,33.0
2018/Sep/12,,,,,,,,,,0.03,8.7,0.019,0.0,0.4,21.0,36.0
2018/Sep/13,23.1,27.8,19.4,1016.1,84,0,16.1,15,22.2,0.035,8.5,0.02,0.0,0.4,25.0,35.0
2018/Sep/14,24.6,30.6,19.4,1016.4,75,0,15.3,12.4,18.3,0.039,9.7,0.022000000000000002,0.0,0.5,30.0,40.0
2018/Sep/15,23.8,30.6,19.4,1017.1,81,0,15,4.8,13,0.042,9.3,0.024,0.0,0.5,16.0,39.0
2018/Sep/16,,,,,,,,,,0.045,12.4,0.028999999999999998,,0.5,22.0,52.0
2018/Sep/17,,,,,,,,,,0.052000000000000005,13.0,0.027000000000000003,0.0,0.4,25.0,53.0
2018/Sep/18,,,,,,,,,,0.04,8.3,0.024,0.0,0.3,20.0,37.0
2018/Sep/19,26.2,32.2,20,1012,67,0,16.1,14.3,25.9,0.05,9.7,0.024,0.001,0.4,26.0,46.0
2018/Sep/20,25.8,32.2,20,1011,70,0,16.1,17.2,29.4,0.047,10.2,0.022000000000000002,0.0,0.3,32.0,44.0
2018/Sep/21,21.9,29.4,16.1,1013.8,83,0,11.1,20.6,44.6,0.034,5.2,0.013000000000000001,0.0,0.3,12.0,31.0
2018/Sep/22,,,,,,,,,,0.035,5.0,0.01,0.0,0.3,10.0,32.0
2018/Sep/23,,,,,,,,,,0.027999999999999997,3.9,0.01,0.0,0.3,10.0,26.0
2018/Sep/24,,,,,,,,,,0.03,5.5,0.03,0.0,0.4,14.0,28.0
2018/Sep/25,22.3,30,18,1011.3,78,0,13.4,15,35.2,0.044000000000000004,7.9,0.013999999999999999,0.0,0.4,20.0,41.0
2018/Sep/26,16.6,30.6,12.8,1020.7,71,5.33,15.1,24.3,35.2,0.027999999999999997,4.6,0.024,0.0,0.4,11.0,26.0
2018/Sep/27,14.4,22.2,7.8,1019.2,66,8.38,15.9,8,16.5,0.049,6.9,0.036000000000000004,0.0,0.5,17.0,45.0
2018/Sep/28,,,,,,,,,,0.039,11.2,0.015,0.0,0.5,26.0,47.0
2018/Sep/29,,,,,,,,,,0.035,13.0,0.015,0.0,0.5,21.0,53.0
2018/Sep/30,,,,,,,,,,0.031,7.8,0.013999999999999999,0.0,0.5,14.0,33.0
2018/Oct/01,22.9,28.9,19.4,1018.1,81,0,14.8,18.5,24.1,0.037000000000000005,9.2,0.02,0.0,0.5,21.0,38.0
2018/Oct/02,22.9,28.9,18.9,1017.4,82,0,14.3,14.4,25.9,0.037000000000000005,8.6,0.016,0.0,0.4,24.0,36.0
2018/Oct/03,24.6,30,18.9,1012.4,76,0,16.1,26.3,38.9,0.034,7.7,0.017,0.0,0.2,19.0,32.0
2018/Oct/04,,,,,,,,,,0.034,9.6,0.018000000000000002,0.0,0.4,22.0,40.0
2018/Oct/05,,,,,,,,,,0.037000000000000005,10.7,0.018000000000000002,0.0,0.3,26.0,45.0
2018/Oct/06,,,,,,,,,,0.026000000000000002,7.0,0.008,0.0,0.2,13.0,29.0
2018/Oct/07,17.5,25.6,13.9,1013.8,86,19.56,14,14.4,27.8,0.035,5.2,0.012,0.0,0.2,8.0,32.0
2018/Oct/08,22.5,27.2,13.9,1009.8,84,19.81,15.8,23,33.5,0.033,8.6,0.019,0.0,0.3,18.0,36.0
2018/Oct/09,18.9,20.6,17,1007.1,94,39.88,13.4,13.5,42.4,0.033,3.7,0.02,0.0,0.2,8.0,31.0
2018/Oct/10,,,,,,,,,,0.021,3.0,0.012,0.0,0.1,7.0,19.0
2018/Oct/11,,,,,,,,,,0.033,3.4,0.018000000000000002,0.0,0.2,8.0,31.0
2018/Oct/12,,,,,,,,,,0.026000000000000002,6.4,0.017,0.0,0.2,11.0,27.0
2018/Oct/13,11.3,17.2,9.4,1013.6,87,0.76,14.5,12.2,22.2,0.034,5.2,0.013999999999999999,0.0,0.2,10.0,31.0
2018/Oct/14,11.2,15,5.6,1011.3,94,7.11,9.5,13.1,42.4,0.023,3.0,0.008,0.0,0.2,5.0,21.0
2018/Oct/15,4.3,15.6,1.7,1026.9,71,0,15.9,33.9,48.2,0.03,5.1,0.01,0.0,0.1,8.0,28.0
2018/Oct/16,,,,,,,,,,0.027999999999999997,7.1,0.028999999999999998,0.001,0.4,15.0,30.0
2018/Oct/17,,,,,,,,,,0.038,8.9,0.028999999999999998,0.0,0.7,19.0,37.0
2018/Oct/18,,,,,,,,,,0.028999999999999998,6.7,0.02,0.0,0.6,17.0,28.0
2018/Oct/19,12.6,15,10.6,1023.7,94,11.43,12.7,9.4,14.8,0.024,6.0,0.018000000000000002,0.0,0.5,11.0,25.0
2018/Oct/20,13.3,20.6,8.3,1024,72,2.29,11.7,10.6,20.6,0.04,10.0,0.022000000000000002,0.0,0.7,20.0,42.0
2018/Oct/21,13.2,20.6,6.1,1026.6,57,0,16.1,8.1,14.8,0.043,8.1,0.031,0.0,0.8,23.0,40.0
2018/Oct/22,,,,,,,,,,0.042,7.2,0.027999999999999997,0.0,0.6,17.0,39.0
2018/Oct/23,,,,,,,,,,0.04,8.0,0.027999999999999997,0.0,0.7,24.0,37.0
2018/Oct/24,,,,,,,,,,0.039,8.8,0.024,0.0,0.8,22.0,37.0
2018/Oct/25,10.6,13.3,8.9,1014.5,94,10.41,9.2,9.1,22.2,0.036000000000000004,3.9,0.026000000000000002,0.0,0.6,8.0,33.0
2018/Oct/26,12.2,21.1,5.6,1013.6,78,0.25,15.1,10.6,14.8,0.040999999999999995,10.0,0.038,0.001,0.8,18.0,42.0
2018/Oct/27,15.7,26.1,6.1,1014.1,61,0,15.9,7.6,18.3,0.048,11.7,0.028999999999999998,0.0,0.9,21.0,49.0
2018/Oct/28,,,,,,,,,,0.038,6.8,0.025,0.0,0.7,16.0,35.0
2018/Oct/29,,,,,,,,,,0.045,7.3,0.03,0.001,0.7,22.0,42.0
2018/Oct/30,,,,,,,,,,0.027000000000000003,7.6,0.015,0.001,0.4,24.0,32.0
2018/Oct/31,11.5,22.2,8.9,1013,74,0,15.6,19.8,31.7,0.023,5.8,0.011000000000000001,0.0,0.2,21.0,24.0
2018/Nov/01,10.5,16.1,7.8,1013,63,4.06,16.1,16.1,22.2,0.037000000000000005,5.2,0.035,0.001,0.4,16.0,34.0
2018/Nov/02,10.3,16.1,5,1014.5,61,0.25,15.1,14.4,29.4,0.034,5.4,0.03,0.0,0.7,17.0,31.0
2018/Nov/03,11.1,19.4,5.6,1009.2,66,0,16.1,17,31.7,0.038,5.3,0.016,0.001,0.8,17.0,35.0
2018/Nov/04,,,,,,,,,,0.028999999999999998,3.9,0.023,0.001,0.4,12.0,27.0
2018/Nov/05,,,,,,,,,,0.04,5.8,0.036000000000000004,0.0,0.6,24.0,37.0
2018/Nov/06,,,,,,,,,,0.043,6.1,0.03,0.001,0.7,22.0,40.0
2018/Nov/07,11.8,21.7,5.6,1017.7,56,0,16.1,26.7,35.2,0.035,4.9,0.013999999999999999,0.0,0.4,11.0,32.0
2018/Nov/08,8.1,15,5,1021.1,67,0,15.6,21.5,29.4,0.025,6.1,0.012,0.001,0.4,11.0,25.0
2018/Nov/09,4.8,10.6,1.1,1027.4,76,0.25,15.3,23.2,33.5,0.032,9.5,0.011000000000000001,0.001,0.2,13.0,40.0
2018/Nov/10,,,,,,,,,,0.037000000000000005,10.4,0.018000000000000002,0.0,0.5,20.0,43.0
2018/Nov/11,,,,,,,,,,0.03,7.8,0.012,0.001,0.5,14.0,33.0
2018/Nov/12,,,,,,,,,,0.027000000000000003,10.4,0.012,0.0,0.3,13.0,43.0
2018/Nov/13,-3.7,6.7,-7.8,1035.2,71,0.25,16.1,26.5,42.4,0.031,11.2,0.024,0.001,0.6,16.0,47.0
2018/Nov/14,-2.1,7.2,-8.3,1033.1,64,0,16.1,2.4,14.8,0.033,15.3,0.033,0.001,1.2,25.0,58.0
2018/Nov/15,4.1,18.9,-8.3,1022.7,53,0,16.1,13.5,27.8,0.04,7.3,0.033,0.001,0.7,23.0,37.0
2018/Nov/16,,,,,,,,,,0.047,8.8,0.044000000000000004,0.001,0.7,35.0,44.0
2018/Nov/17,,,,,,,,,,0.04,12.0,0.026000000000000002,0.001,0.6,27.0,50.0
2018/Nov/18,,,,,,,,,,0.021,11.8,0.012,0.0,0.2,16.0,49.0
2018/Nov/19,1.2,11.7,-5.6,1023.5,74,0,15.4,8,16.5,0.026000000000000002,11.2,0.023,0.001,0.4,24.0,47.0
2018/Nov/20,5.1,12.8,-1.1,1027.3,62,0,16.1,7,14.8,0.035,8.7,0.037000000000000005,0.0,0.6,32.0,36.0
2018/Nov/21,5.4,14.4,-1.7,1026.5,61,0,16.1,11.3,24.1,0.034,7.9,0.036000000000000004,0.0,0.6,22.0,34.0
2018/Nov/22,,,,,,,,,,0.043,9.4,0.021,0.0,0.6,21.0,40.0
2018/Nov/23,,,,,,,,,,0.036000000000000004,8.5,0.031,0.003,0.4,28.0,35.0
2018/Nov/24,,,,,,,,,,0.040999999999999995,6.8,0.032,0.001,0.8,25.0,38.0
2018/Nov/25,8.2,20.6,1.1,1005.3,54,0,15.6,33,61.1,0.027999999999999997,7.5,0.006,0.0,0.5,37.0,34.0
2018/Nov/26,0.6,14.4,-4.4,1025,67,0,16.1,22.2,42.4,0.031,12.5,0.031,0.001,0.8,25.0,52.0
2018/Nov/27,2.5,10.6,-4.4,1021.3,65,0,16.1,8.3,14.8,0.031,14.1,0.03,0.0,1.0,32.0,55.0
2018/Nov/28,,,,,,,,,,0.036000000000000004,11.1,0.036000000000000004,0.001,1.2,41.0,46.0
2018/Nov/29,,,,,,,,,,0.038,12.2,0.03,0.0,1.6,41.0,51.0
2018/Nov/30,,,,,,,,,,0.03,18.5,0.025,0.0,0.8,44.0,64.0
2018/Dec/01,12.5,18,7.2,995.2,61,9.14,15.6,28.9,48.2,0.035,9.2,0.013999999999999999,0.0,0.4,28.0,38.0
2018/Dec/02,6.4,17.2,-1.7,1006.5,60,0,16.1,20.4,38.9,0.034,2.9,0.01,0.0,0.2,6.0,31.0
2018/Dec/03,2.1,11.1,-1.1,1021.3,69,0,16.1,18.9,25.9,0.021,11.6,0.006999999999999999,0.001,0.3,14.0,48.0
2018/Dec/04,,,,,,,,,,0.024,14.9,0.019,0.001,0.3,26.0,57.0
2018/Dec/05,,,,,,,,,,0.032,14.4,0.019,0.0,0.5,35.0,56.0
2018/Dec/06,,,,,,,,,,0.025,12.4,0.017,,0.4,25.0,52.0
2018/Dec/07,1.6,8.3,-0.6,1028.6,74,0,14.3,19.6,27.8,0.024,19.9,0.011000000000000001,,0.4,31.0,67.0
2018/Dec/08,-0.3,2.2,-1.1,1027.6,86,2.54,11.9,19.1,24.1,0.022000000000000002,20.6,0.01,,0.4,28.0,69.0
2018/Dec/09,1.3,7.2,-5,1027.8,65,0.25,15.3,15.6,20.6,0.032,21.4,0.031,,0.8,35.0,71.0
2018/Dec/10,,,,,,,,,,0.028999999999999998,24.8,0.040999999999999995,,1.1,52.0,78.0
2018/Dec/11,,,,,,,,,,0.038,12.2,0.035,,1.2,24.0,51.0
2018/Dec/12,,,,,,,,,,0.033,13.5,0.027999999999999997,0.0,0.6,31.0,54.0
2018/Dec/13,9.9,10.6,9.4,1005.4,89,0,16.1,15.9,22.2,0.024,9.9,0.022000000000000002,0.0011,0.5,21.0,41.0
2018/Dec/14,4,11.1,1.1,1017.8,81,11.94,12.6,38,46.5,0.03,8.6,0.006,0.0,0.2,9.0,36.0
2018/Dec/15,4.4,13.3,-2.8,1022.5,41,0,16.1,16.1,31.7,0.035,5.9,0.039,0.0,1.1,11.0,37.0
2018/Dec/16,,,,,,,,,,0.028999999999999998,10.4,0.034,0.0,1.1,19.0,43.0
2018/Dec/17,,,,,,,,,,0.026000000000000002,12.8,0.033,0.003,0.9,33.0,52.0
2018/Dec/18,,,,,,,,,,0.031,18.3,0.035,0.002,1.0,39.0,64.0
2018/Dec/19,7.3,15,2.8,1011.1,93,0.25,8.7,15.4,24.1,0.026000000000000002,21.8,0.018000000000000002,0.001,0.7,30.0,71.0
2018/Dec/20,8.4,12.8,3.9,1013.4,53,0,15.9,31.7,50,0.036000000000000004,2.7,0.006,0.0008,0.2,13.0,33.0
2018/Dec/21,5.3,13.3,-2.2,1015,51,0,16.1,16.3,35.2,0.033,4.5,0.027999999999999997,0.001,0.6,20.0,31.0
2018/Dec/22,,,,,,,,,,0.034,5.1,0.021,0.003,0.6,14.0,31.0
2018/Dec/23,,,,,,,,,,0.033,7.7,0.028999999999999998,0.0,0.6,13.0,32.0
2018/Dec/24,,,,,,,,,,0.037000000000000005,8.2,0.027999999999999997,0.001,0.7,17.0,34.0
2018/Dec/25,5.5,13.3,-1.6,1018.1,79,0,16.1,10.2,16.5,0.032,15.2,0.02,0.002,0.6,24.0,58.0
2018/Dec/26,12.8,14.4,11.7,1013.4,96,6.35,9.7,27.4,51.9,0.036000000000000004,10.8,0.013000000000000001,0.001,0.4,15.0,45.0
2018/Dec/27,8.4,14.4,2.8,1002.1,87,62.74,15,24.6,63,0.037000000000000005,5.2,0.017,0.001,0.4,9.0,34.0
2018/Dec/28,,,,,,,,,,0.03,8.0,0.01,0.001,0.3,8.0,33.0
2018/Dec/29,,,,,,,,,,0.027999999999999997,12.4,0.021,0.0,0.5,18.0,52.0
2018/Dec/30,,,,,,,,,,0.022000000000000002,12.6,0.02,0.0,0.7,21.0,52.0
2018/Dec/31,3.8,10.6,-3.8,1008.5,85,7.87,13.5,15.2,38.9,0.021,12.7,0.012,0.001,0.5,17.0,52.0
2019-Jan-01,-3.2,10.6,-5.6,1025.7,77,1.52,15.1,28.9,38.9,0.4,0.024,0.006,0.0,10.4,14.0,43.0
2019-Jan-02,-3.9,-1.7,-5.6,1026.7,72,0,16.1,11.5,20.6,0.5,0.022000000000000002,0.02,0.001,10.9,18.0,45.0
2019-Jan-03,-1.1,0,-5,1018.5,92,11.18,9.2,10.4,22.2,0.5,0.02,0.016,0.0,13.5,19.0,54.0
2019-Jan-04,,,,,,,,,,0.5,0.031,0.025,0.001,14.0,21.0,55.0
2019-Jan-05,,,,,,,,,,1.0,0.045,0.039,0.0,16.6,29.0,60.0
2019-Jan-06,,,,,,,,,,0.9,0.043,0.02,0.0,7.4,16.0,40.0
2019-Jan-07,14.8,18.3,4.4,1011.1,64,0.25,16.1,22.2,37,0.6,0.038,0.025,0.0,4.9,14.0,35.0
2019-Jan-08,8.3,18.3,2.8,1021.8,56,0,16.1,17.6,31.7,0.6,0.036000000000000004,0.024,0.0,4.2,18.0,33.0
2019-Jan-09,4.8,12.2,-2.2,1033.8,49,0,15.9,9.1,20.6,1.1,0.034,0.032,0.0,7.2,26.0,31.0
2019-Jan-10,,,,,,,,,,1.1,0.031,0.03,0.0,7.3,37.0,34.0
2019-Jan-11,,,,,,,,,,0.6,0.026000000000000002,0.015,0.0,8.2,15.0,34.0
2019-Jan-12,,,,,,,,,,0.5,0.026000000000000002,0.006,0.0,10.1,12.0,42.0
2019-Jan-13,-0.2,7.2,-1.7,1028.9,84,0.51,14.3,22.6,33.5,0.3,0.027000000000000003,0.006999999999999999,0.0,18.1,22.0,64.0
2019-Jan-14,1.7,7.8,-1.6,1030.8,78,0,15.6,7.2,14.8,0.6,0.027999999999999997,0.027000000000000003,0.0,19.6,29.0,67.0
2019-Jan-15,2.7,11.1,-2.8,1025.2,84,0,11.4,15.7,33.5,0.5,0.024,0.016,0.0,20.8,31.0,69.0
2019-Jan-16,,,,,,,,,,0.7,0.013999999999999999,0.015,0.0,20.4,30.0,68.0
2019-Jan-17,,,,,,,,,,0.9,0.019,0.028999999999999998,0.0,14.6,24.0,56.0
2019-Jan-18,,,,,,,,,,1.0,0.028999999999999998,0.025,0.0,18.3,34.0,64.0
2019-Jan-19,0.8,17.2,-5,1017.5,75,0,15.6,44.8,61.1,0.4,0.033,0.01,0.0,9.8,13.0,41.0
2019-Jan-20,-2.9,7.2,-9.4,1027.3,67,0,16.1,15.2,37,0.7,0.036000000000000004,0.025,0.0,8.4,16.0,35.0
2019-Jan-21,3.4,13.3,-9.4,1016.1,61,0,15.4,28.7,55.4,0.6,0.04,0.013999999999999999,0.0,10.7,42.0,45.0
2019-Jan-22,,,,,,,,,,0.5,0.033,0.016,0.0,12.1,20.0,51.0
2019-Jan-23,,,,,,,,,,0.5,0.032,0.034,0.001,11.3,22.0,47.0
2019-Jan-24,,,,,,,,,,0.5,0.031,0.027000000000000003,0.001,9.8,20.0,41.0
2019-Jan-25,-2.8,7.2,-8.9,1028.2,58,0,16.1,12.4,33.5,0.7,0.027999999999999997,0.028999999999999998,0.0,10.9,29.0,45.0
2019-Jan-26,0.9,12.2,-7.8,1023.7,61,0,15.3,10.4,20.6,0.5,0.036000000000000004,0.033,0.0,14.3,31.0,56.0
2019-Jan-27,5.3,15,-6.1,1020.1,54,0,16.1,14.1,24.1,0.5,0.04,0.017,0.0,5.0,14.0,37.0
2019-Jan-28,,,,,,,,,,0.4,0.037000000000000005,0.015,0.0,3.6,15.0,34.0
2019-Jan-29,,,,,,,,,,0.5,0.037000000000000005,0.03,0.0,6.8,27.0,34.0
2019-Jan-30,,,,,,,,,,0.7,0.034,0.022000000000000002,0.0,8.5,26.0,35.0
2019-Jan-31,1.3,11.7,-6.7,1018.8,69,0,16.1,15.7,29.4,0.8,0.027999999999999997,0.025,0.0,13.7,36.0,54.0
2019-Feb-01,8.2,13.3,4.4,1018.7,96,0,5.6,10,18.3,0.9,0.022000000000000002,0.018000000000000002,0.0,20.3,34.0,68.0
2019-Feb-02,12.9,17.2,7.2,1017.7,89,0,10.8,21.9,33.5,0.7,0.032,0.016,0.0,15.1,22.0,57.0
2019-Feb-03,15.4,21.1,10.6,1008.3,81,0,12.1,31.3,44.6,0.7,0.036000000000000004,0.016,0.0,16.0,23.0,59.0
2019-Feb-04,,,,,,,,,,0.6,0.019,0.008,0.0,15.5,25.0,58.0
2019-Feb-05,,,,,,,,,,0.6,0.009000000000000001,0.008,0.0,19.3,25.0,66.0
2019-Feb-06,,,,,,,,,,0.7,0.012,0.006,0.0,10.1,14.0,42.0
2019-Feb-07,-2.7,3.9,-7.2,1018.2,87,9.65,11.7,33.2,50,0.6,0.032,0.006999999999999999,0.0,9.1,14.0,38.0
2019-Feb-08,-5.7,1.1,-9.4,1037.2,55,2.29,15.4,15,25.9,0.7,0.035,0.02,0.0,8.3,20.0,35.0
2019-Feb-09,-2.1,3.9,-9.4,1036.2,54,0,16.1,13.7,18.3,0.7,0.035,0.015,0.0,8.5,21.0,35.0
2019-Feb-10,,,,,,,,,,0.7,0.022000000000000002,0.011000000000000001,0.0,9.5,14.0,40.0
2019-Feb-11,,,,,,,,,,0.8,0.013000000000000001,0.012,0.0,8.7,15.0,36.0
2019-Feb-12,,,,,,,,,,0.8,0.040999999999999995,0.039,0.0,7.0,14.0,38.0
2019-Feb-13,6.6,15.6,-0.6,1019.3,48,0,16.1,22.8,44.6,0.8,0.043,0.027999999999999997,0.001,5.5,19.0,40.0
2019-Feb-14,13.2,20,10,1004.3,37,0,15.9,27,40.7,0.7,0.038,0.033,0.0,6.5,29.0,35.0
2019-Feb-15,4.2,16.7,-2.8,1010,61,0,15.3,24.6,35.2,0.6,0.032,0.011000000000000001,0.0,17.9,25.0,63.0
2019-Feb-16,,,,,,,,,,0.6,0.027000000000000003,0.012,0.0,18.4,23.0,64.0
2019-Feb-17,,,,,,,,,,0.5,0.033,0.011000000000000001,0.0,14.7,20.0,56.0
2019-Feb-18,,,,,,,,,,0.4,0.042,0.013999999999999999,0.0,13.5,19.0,54.0
2019-Feb-19,-0.6,2.2,-6.1,1025.2,66,0,12.7,19.1,24.1,0.4,0.035,0.016,0.0,16.8,20.0,61.0
2019-Feb-20,1.5,10,-3.9,1012.8,80,3.56,9.5,14.1,29.4,0.4,0.036000000000000004,0.027000000000000003,0.0,16.0,21.0,59.0
2019-Feb-21,5.5,13.3,-2.7,1015.7,62,0,15.3,20.9,37,0.1,0.039,0.018000000000000002,0.0,15.7,30.0,59.0
2019-Feb-22,,,,,,,,,,0.1,0.027000000000000003,0.017,0.0,9.2,16.0,38.0
2019-Feb-23,,,,,,,,,,0.1,0.039,0.012,0.0,7.2,18.0,36.0
2019-Feb-24,,,,,,,,,,0.1,0.046,0.024,0.0,8.3,12.0,43.0
2019-Feb-25,6.8,17.2,-1.6,1024.9,42,0,16.1,20.6,37,0.3,0.049,0.023,0.0,7.4,33.0,45.0
2019-Feb-26,4.4,17.2,-3.3,1020.5,67,0,13.8,20,29.4,0.1,0.032,0.018000000000000002,0.0,11.8,33.0,49.0
2019-Feb-27,-3,8.3,-6.7,1022.7,95,0,3.4,25.7,38.9,0.1,0.03,0.006,0.0,22.5,30.0,73.0
2019-Feb-28,,,,,,,,,,0.1,0.033,0.016,0.0,20.1,27.0,68.0
2019-Mar-01,-2.5,3.3,-7.2,1019.8,86,0,11.9,5.6,13,0.3,0.03,0.023,0.0,24.3,37.0,77.0
2019-Mar-02,0.2,3.3,-3.9,1022.1,83,0,14.3,14.1,24.1,0.2,0.037000000000000005,0.017,0.0,27.7,37.0,84.0
2019-Mar-03,-2.9,1.7,-6.7,1025,73,0.51,13.7,29.3,42.4,0.1,0.040999999999999995,0.009000000000000001,0.0,17.0,23.0,61.0
2019-Mar-04,,,,,,,,,,0.1,0.040999999999999995,0.022000000000000002,0.0,5.7,20.0,38.0
2019-Mar-05,,,,,,,,,,0.2,0.048,0.033,0.001,12.5,26.0,52.0
2019-Mar-06,,,,,,,,,,0.2,0.052000000000000005,0.033,0.0,15.8,57.0,59.0
2019-Mar-07,7.9,15.6,2.8,1015.3,46,0,16.1,25.4,33.5,0.4,0.044000000000000004,0.038,0.0,12.4,42.0,52.0
2019-Mar-08,8.3,15.6,2.8,1010.3,78,0,9.7,13.3,22.2,0.4,0.02,0.019,0.0,25.8,36.0,80.0
2019-Mar-09,12.9,21.7,5.6,1004,59,5.08,12.1,26.7,50,0.3,0.048,0.017,0.0,11.0,26.0,46.0
2019-Mar-10,,,,,,,,,,0.1,0.044000000000000004,0.011000000000000001,0.0,11.7,16.0,49.0
2019-Mar-11,,,,,,,,,,0.3,0.039,0.026000000000000002,0.0,15.7,22.0,59.0
2019-Mar-12,,,,,,,,,,0.3,0.028999999999999998,0.015,0.0,8.9,13.0,37.0
2019-Mar-13,15.3,20,10,998,76,31.5,9.7,38.9,66.5,0.2,0.05,0.02,0.0,14.9,72.0,59.0
2019-Mar-14,10.6,20,5.6,1005.7,47,0.51,15.3,38.5,59.4,0.1,0.046,0.004,0.0,4.1,12.0,43.0
2019-Mar-15,6.3,12.2,1.1,1027.5,45,0,16.1,27.2,37,0.2,0.046,0.034,0.0,5.1,11.0,43.0
2019-Mar-16,,,,,,,,,,0.5,0.055,0.040999999999999995,0.0,8.4,21.0,51.0
2019-Mar-17,,,,,,,,,,0.4,0.057999999999999996,0.027999999999999997,0.0,13.5,24.0,61.0
2019-Mar-18,,,,,,,,,,0.4,0.065,0.036000000000000004,0.0,19.1,55.0,84.0
2019-Mar-19,12.2,21.7,2.8,1022.3,44,0,16.1,17.8,40.7,0.3,0.057999999999999996,0.039,0.0,19.0,44.0,66.0
2019-Mar-20,11.6,21.7,3.9,1023.1,57,0.51,16.1,19.1,27.8,0.2,0.053,0.033,0.0,13.8,20.0,55.0
2019-Mar-21,10.7,18.9,3.9,1022.3,47,0,16.1,11.9,20.6,0.3,0.049,0.027000000000000003,0.0,9.0,20.0,45.0
2019-Mar-22,,,,,,,,,,0.4,0.059000000000000004,0.024,0.0,18.3,48.0,64.0
2019-Mar-23,,,,,,,,,,0.3,0.051,0.009000000000000001,0.0,23.3,32.0,75.0
2019-Mar-24,,,,,,,,,,0.3,0.045,0.012,0.0,17.0,23.0,61.0
2019-Mar-25,11.4,18.3,7.8,1021.5,74,0,16.1,17.6,25.9,0.2,0.043,0.022000000000000002,0.0,14.6,20.0,56.0
2019-Mar-26,11.1,19.4,4.4,1026.9,66,0,14.5,8.9,20.6,0.5,0.057999999999999996,0.024,0.0,17.5,30.0,62.0
2019-Mar-27,13.8,23.9,4.4,1022.4,59,0,16.1,22.6,40.7,0.3,0.064,0.026000000000000002,0.0,14.7,58.0,80.0
2019-Mar-28,,,,,,,,,,0.3,0.047,0.027999999999999997,0.0,11.1,26.0,46.0
2019-Mar-29,,,,,,,,,,0.4,0.042,0.021,0.0,9.8,27.0,41.0
2019-Mar-30,,,,,,,,,,0.0,0.04,0.006999999999999999,0.0,5.1,7.0,37.0
2019-Mar-31,4.4,10.6,-1.7,1029.5,50,0,16.1,17.6,33.5,0.2,0.046,0.028999999999999998,0.0,7.5,11.0,43.0
2019-Apr-01,6.9,13.9,-1.6,1024.9,46,0,16.1,7.4,16.5,0.4,0.055999999999999994,0.037000000000000005,0.0,10.8,22.0,54.0
2019-Apr-02,10.1,21.7,1.7,1019.3,50,0,16.1,16.5,27.8,0.2,0.057999999999999996,0.025,0.0,9.8,30.0,61.0
2019-Apr-03,14.3,21.7,1.7,1016.6,53,0,16.1,28.2,48.2,0.3,0.055999999999999994,0.023,0.0,11.3,57.0,54.0
2019-Apr-04,,,,,,,,,,0.3,0.055,0.027000000000000003,0.0,7.0,12.0,51.0
2019-Apr-05,,,,,,,,,,0.5,0.054000000000000006,0.027999999999999997,0.0,8.5,12.0,50.0
2019-Apr-06,,,,,,,,,,0.4,0.048,0.03,0.0,7.9,14.0,44.0
2019-Apr-07,15.8,17.8,14.4,1009.7,88,5.84,16.1,16.3,20.6,0.3,0.048,0.025,0.0,9.0,15.0,44.0
2019-Apr-08,19.5,26.1,11.1,1014,57,0,16.1,13.7,20.6,0.3,0.057999999999999996,0.033,0.0,9.4,20.0,61.0
2019-Apr-09,20.1,29.4,11.1,1011.7,48,0,16.1,10.7,33.5,0.4,0.066,0.034,0.0,10.7,42.0,87.0
2019-Apr-10,,,,,,,,,,0.4,0.065,0.03,0.0,11.0,59.0,84.0
2019-Apr-11,,,,,,,,,,0.2,0.037000000000000005,0.011000000000000001,0.0,5.3,25.0,34.0
2019-Apr-12,,,,,,,,,,0.3,0.047,0.02,0.0,5.4,16.0,44.0
2019-Apr-13,8.9,14.4,2.8,1013,56,0,13.4,28.7,51.9,0.2,0.048,0.011000000000000001,0.0,21.2,32.0,70.0
2019-Apr-14,8.6,17.2,3.9,1012.8,64,42.67,14.5,25.6,50,0.1,0.049,0.025,0.0,8.6,17.0,45.0
2019-Apr-15,14.8,25.6,3.9,1010.3,59,0,16.1,28,48.2,0.3,0.061,0.018000000000000002,0.0,5.2,16.0,71.0
2019-Apr-16,,,,,,,,,,0.4,0.053,0.023,0.0,7.2,21.0,49.0
2019-Apr-17,,,,,,,,,,0.4,0.044000000000000004,0.02,0.0,9.2,21.0,41.0
2019-Apr-18,,,,,,,,,,0.2,0.044000000000000004,0.005,0.0,4.1,9.0,41.0
2019-Apr-19,12.1,20,7.2,1016.6,60,0.76,15.9,26.7,42.4,0.2,0.047,0.023,0.0,4.4,10.0,44.0
2019-Apr-20,14.2,25,5,1015.6,57,0,16.1,14.1,29.4,0.4,0.055999999999999994,0.021,0.0,6.9,18.0,54.0
2019-Apr-21,19.6,26.7,13.9,1009,61,0,16.1,31.5,46.5,0.3,0.055,0.011000000000000001,0.0,5.5,17.0,51.0
2019-Apr-22,,,,,,,,,,0.4,0.042,0.026000000000000002,0.0,7.3,22.0,39.0
2019-Apr-23,,,,,,,,,,0.3,0.024,0.01,0.0,7.7,11.0,32.0
2019-Apr-24,,,,,,,,,,0.5,0.034,0.023,0.0,10.4,17.0,43.0
2019-Apr-25,16.1,25,9.4,1010.3,75,0,12.2,12.2,44.6,0.5,0.054000000000000006,0.021,0.0,8.8,18.0,50.0
2019-Apr-26,16.8,25,7.8,1019.1,57,0,16.1,14.4,38.9,0.5,0.061,0.031,0.0,7.4,22.0,71.0
2019-Apr-27,19.4,27.2,7.8,1010.2,54,0,16.1,24.3,38.9,0.5,0.051,0.013000000000000001,0.0,6.2,22.0,47.0
2019-Apr-28,,,,,,,,,,0.5,0.054000000000000006,0.013999999999999999,0.0,7.1,21.0,50.0
2019-Apr-29,,,,,,,,,,0.3,0.037000000000000005,0.016,0.0,6.6,14.0,34.0
2019-Apr-30,,,,,,,,,,0.2,0.023,0.013999999999999999,0.0,10.9,16.0,45.0
2019-May-01,16.2,23.3,12.8,1011.1,96,41.66,10.8,15.9,37,0.5,0.040999999999999995,0.024,0.0,7.1,16.0,38.0
2019-May-02,16.2,22.8,12.2,1014.1,85,1.52,14.5,17.6,31.7,0.3,0.034,0.015,0.0,13.0,13.0,53.0
2019-May-03,15.2,19.4,13.3,1014.9,91,0,13.8,12.4,44.6,0.5,0.035,0.024,0.0,7.1,14.0,32.0
2019-May-04,,,,,,,,,,0.4,0.038,0.023,0.0,5.0,11.0,35.0
2019-May-05,,,,,,,,,,0.5,0.049,0.015,0.0,6.8,14.0,45.0
2019-May-06,,,,,,,,,,0.5,0.057,0.024,0.0,6.4,17.0,58.0
2019-May-07,20.7,23.9,17.8,1011.3,74,0,16.1,20.4,24.1,0.5,0.05,0.018000000000000002,0.0,9.4,25.0,46.0
2019-May-08,18.6,26.7,13.9,1005.4,86,64.52,14.3,21.3,51.9,0.4,0.052000000000000005,0.023,0.0,3.5,9.0,48.0
2019-May-09,13.2,21.1,9.4,1012.2,82,5.08,15.6,25,38.9,0.2,0.034,0.008,0.0,2.0,5.0,31.0
2019-May-10,,,,,,,,,,0.2,0.04,0.016,0.0,3.8,9.0,37.0
2019-May-11,,,,,,,,,,0.3,0.035,0.018000000000000002,0.0,4.5,10.0,32.0
2019-May-12,,,,,,,,,,0.4,0.049,0.033,0.0,5.7,12.0,45.0
2019-May-13,18.2,27.2,7.2,1011.7,66,0,16.1,13.5,25.9,0.3,0.05,0.02,0.0,6.7,18.0,46.0
2019-May-14,20.6,27.8,10,1012.7,65,0,16.1,16.1,33.5,0.2,0.057,0.016,0.0,6.3,21.0,58.0
2019-May-15,21.9,29.4,15.6,1013.4,69,0,16.1,16.1,27.8,0.4,0.057,0.027999999999999997,0.0,7.1,20.0,58.0
2019-May-16,,,,,,,,,,0.4,0.055999999999999994,0.026000000000000002,0.0,9.8,24.0,54.0
2019-May-17,,,,,,,,,,0.5,0.051,0.023,0.0,10.9,35.0,47.0
2019-May-18,,,,,,,,,,0.5,0.055,0.02,0.0,6.9,14.0,51.0
2019-May-19,18.1,25,10,1009.1,71,37.08,16.1,15.9,37,0.4,0.052000000000000005,0.015,0.0,3.9,9.0,48.0
2019-May-20,19.3,26.1,10,1009,82,0,13.7,20.4,40.7,0.5,0.044000000000000004,0.01,0.0,9.3,18.0,41.0
2019-May-21,19,26.1,15.6,998.5,75,88.39,14.2,29.1,46.5,0.3,0.055999999999999994,0.023,0.0,4.8,24.0,54.0
2019-May-22,,,,,,,,,,0.7,0.043,0.026000000000000002,0.0,15.7,35.0,59.0
2019-May-23,,,,,,,,,,0.5,0.034,0.013000000000000001,0.0,18.0,68.0,63.0
2019-May-24,,,,,,,,,,0.4,0.045,0.016,0.0,11.6,25.0,48.0
2019-May-25,22.2,28.9,16.7,1013.3,85,14.73,14.8,23,70.6,0.4,0.04,0.013999999999999999,0.0,7.7,15.0,37.0
2019-May-26,22.1,28.9,16.7,1014.9,84,42.42,15,21.7,53.5,0.3,0.035,0.011000000000000001,0.0,7.5,15.0,32.0
2019-May-27,23.7,27.8,17.2,1010,81,2.29,16.1,23.7,37,0.4,0.039,0.01,0.0,10.2,21.0,43.0
2019-May-28,,,,,,,,,,0.4,0.036000000000000004,0.017,0.0,11.5,23.0,48.0
2019-May-29,,,,,,,,,,0.2,0.028999999999999998,0.017,0.0,6.7,14.0,28.0
2019-May-30,,,,,,,,,,0.2,0.064,0.028999999999999998,0.0,9.1,20.0,80.0
2019-May-31,21.5,29.4,13.3,1015,62,0,16.1,7.8,18.3,0.3,0.066,0.035,0.0,8.6,22.0,87.0
2019-Jun-01,21.8,29.4,15.6,1013.6,76,0,15.8,13.1,48.2,0.3,0.055,0.024,0.0,6.3,16.0,51.0
2019-Jun-02,23.1,30,16.1,1012.7,73,4.32,16.1,8,16.5,0.4,0.061,0.025,0.0,6.3,12.0,71.0
2019-Jun-03,23.1,30,17.2,1012.9,82,0,16.1,8.5,22.2,0.4,0.059000000000000004,0.027000000000000003,0.0,6.6,18.0,64.0
2019-Jun-04,,,,,,,,,,0.3,0.043,0.025,0.0,5.5,17.0,40.0
2019-Jun-05,,,,,,,,,,0.3,0.038,0.017,0.0,6.6,17.0,35.0
2019-Jun-06,,,,,,,,,,0.2,0.043,0.017,0.0,3.5,8.0,40.0
2019-Jun-07,22.6,30.6,18.3,1008.3,78,45.97,15.6,16.5,27.8,0.3,0.06,0.027999999999999997,0.0,7.2,17.0,67.0
2019-Jun-08,24.7,30.6,18.3,1009.5,68,0,16.1,7.6,20.6,0.5,0.055999999999999994,0.02,0.0,8.4,17.0,54.0
2019-Jun-09,22.3,30.6,18.3,1011.3,82,0,14.6,17.8,72.2,0.4,0.05,0.013999999999999999,0.0,8.2,17.0,46.0
2019-Jun-10,,,,,,,,,,0.3,0.046,0.027999999999999997,0.0,8.2,16.0,43.0
2019-Jun-11,,,,,,,,,,0.3,0.053,0.028999999999999998,0.0,9.0,30.0,49.0
2019-Jun-12,,,,,,,,,,0.2,0.045,0.013999999999999999,0.0,5.3,13.0,42.0
2019-Jun-13,21.2,27.2,13.9,1018.8,52,0,16.1,10.9,24.1,0.2,0.052000000000000005,0.021,0.0,5.5,20.0,48.0
2019-Jun-14,21.8,29.4,13.9,1012.7,68,12.7,15.8,25.9,40.7,0.4,0.061,0.021,0.0,8.7,21.0,71.0
2019-Jun-15,25.8,30.6,16.1,1006.9,76,0.51,16.1,23.3,35.2,0.5,0.048,0.018000000000000002,0.0,8.4,19.0,44.0
2019-Jun-16,,,,,,,,,,0.2,0.059000000000000004,0.016,0.0,4.5,8.0,64.0
2019-Jun-17,,,,,,,,,,0.3,0.057,0.021,0.0,4.8,11.0,58.0
2019-Jun-18,,,,,,,,,,0.3,0.07,0.026000000000000002,0.0,6.7,19.0,100.0
2019-Jun-19,23.3,31.1,16.7,1007.5,76,19.3,15.3,10.9,24.1,0.3,0.063,0.017,0.0,4.9,11.0,77.0
2019-Jun-20,25.8,32.8,16.7,1005.8,76,0,16.1,13.3,25.9,0.8,0.055999999999999994,0.026000000000000002,0.0,11.2,36.0,54.0
2019-Jun-21,29.3,33.9,18.9,1004.3,76,0,15.6,27.2,38.9,0.7,0.037000000000000005,0.01,0.0,14.3,32.0,56.0
2019-Jun-22,,,,,,,,,,0.6,0.037000000000000005,0.013999999999999999,,11.4,27.0,48.0
2019-Jun-23,,,,,,,,,,0.6,0.035,0.015,,7.0,16.0,32.0
2019-Jun-24,,,,,,,,,,0.6,0.061,0.025,0.0,4.4,16.0,71.0
2019-Jun-25,24.2,31.1,16.1,1012.5,76,0,14,12,22.2,0.6,0.055999999999999994,0.027000000000000003,0.0,7.7,21.0,54.0
2019-Jun-26,25.9,31.1,18.3,1015.4,77,0,16.1,16.3,25.9,0.7,0.048,0.02,0.0,10.4,35.0,44.0
2019-Jun-27,26.3,32.2,20.6,1018.2,77,0,16.1,16.9,27.8,0.6,0.035,0.013000000000000001,0.0,18.2,51.0,64.0
2019-Jun-28,,,,,,,,,,0.7,0.040999999999999995,0.019,0.0,17.8,49.0,63.0
2019-Jun-29,,,,,,,,,,0.7,0.046,0.019,0.0,13.2,34.0,53.0
2019-Jun-30,,,,,,,,,,0.6,0.042,0.012,0.0,10.5,23.0,44.0
2019-Jul-01,25.4,31.7,20,1015,74,0,15.8,12.2,22.2,0.7,0.049,0.022000000000000002,0.0,10.6,28.0,45.0
2019-Jul-02,26.2,33.3,20,1012.3,75,0,16.1,17.6,25.9,0.7,0.042,0.018000000000000002,0.0,11.9,36.0,50.0
2019-Jul-03,26.7,33.3,21.1,1010.6,74,0,16.1,17.2,33.5,0.6,0.040999999999999995,0.017,0.0,8.1,23.0,38.0
2019-Jul-04,,,,,,,,,,0.6,0.040999999999999995,0.013000000000000001,0.0,14.8,36.0,57.0
2019-Jul-05,,,,,,,,,,0.7,0.038,0.013000000000000001,0.0,22.3,63.0,72.0
2019-Jul-06,,,,,,,,,,0.6,0.053,0.017,0.0,9.2,23.0,49.0
2019-Jul-07,26.7,34.4,20,1015.5,73,0,14.5,6.3,13,0.6,0.064,0.017,0.0,9.9,21.0,80.0
2019-Jul-08,26.5,34.4,20,1012.6,75,0,16.1,10,40.7,0.7,0.045,0.02,0.0,6.6,22.0,42.0
2019-Jul-09,27.1,35,20.6,1010.7,74,1.52,16.1,15.9,25.9,0.7,0.052000000000000005,0.021,0.0,9.9,33.0,48.0
2019-Jul-10,,,,,,,,,,0.7,0.055,0.021,0.0,13.1,30.0,53.0
2019-Jul-11,,,,,,,,,,0.6,0.052000000000000005,0.02,0.0,8.3,19.0,48.0
2019-Jul-12,,,,,,,,,,0.7,0.057999999999999996,0.023,0.0,10.4,24.0,61.0
2019-Jul-13,26.4,32.2,18.9,1013.4,60,0,16.1,12.8,24.1,0.7,0.049,0.022000000000000002,0.0,10.9,21.0,45.0
2019-Jul-14,27.9,32.2,21.1,1013.8,67,0,16.1,14.8,25.9,0.7,0.037000000000000005,0.012,0.0,8.0,16.0,34.0
2019-Jul-15,26.4,33.3,21.1,1012.5,70,0,16.1,9.8,20.6,0.5,0.047,0.013000000000000001,0.0,5.1,19.0,44.0
2019-Jul-16,,,,,,,,,,0.7,0.062,0.023,0.0,9.3,30.0,74.0
2019-Jul-17,,,,,,,,,,0.6,0.040999999999999995,0.019,0.0,11.8,38.0,49.0
2019-Jul-18,,,,,,,,,,0.6,0.040999999999999995,0.017,0.0,9.7,38.0,40.0
2019-Jul-19,29.9,36.1,24.4,1010.1,58,0,16.1,25.2,38.9,0.6,0.046,0.015,0.0,9.6,35.0,43.0
2019-Jul-20,29.6,36.1,23.3,1009.9,59,0,16.1,24.3,33.5,0.5,0.044000000000000004,0.003,0.0,6.4,25.0,41.0
2019-Jul-21,29.1,37.8,21.7,1010.6,57,0,16.1,18.3,29.4,0.5,0.049,0.005,0.0,7.4,22.0,45.0
2019-Jul-22,,,,,,,,,,0.6,0.069,0.006,0.0,9.3,24.0,97.0
2019-Jul-23,,,,,,,,,,0.6,0.063,0.008,0.0,12.6,31.0,77.0
2019-Jul-24,,,,,,,,,,0.6,0.069,0.006,0.0,9.3,24.0,97.0
2019-Jul-25,23.6,31.1,15,1018.9,54,0,16.1,12.8,22.2,0.6,0.063,0.008,0.0,12.6,31.0,77.0
2019-Jul-26,23.4,30.6,15.6,1019.3,55,0,16.1,14.6,24.1,0.7,0.066,0.009000000000000001,0.0,16.7,34.0,87.0
2019-Jul-27,24.2,32.8,15.6,1019.7,59,0,16.1,13.7,24.1,0.7,0.065,0.004,0.0,18.2,31.0,84.0
2019-Jul-28,,,,,,,,,,0.6,0.059000000000000004,0.004,0.0,13.8,24.0,64.0
2019-Jul-29,,,,,,,,,,0.6,0.064,0.026000000000000002,0.0,14.8,40.0,80.0
2019-Jul-30,,,,,,,,,,0.8,0.07200000000000001,0.024,0.0,12.8,34.0,105.0
2019-Jul-31,28.9,36.7,20.6,1015.2,59,0,16.1,15.4,24.1,0.7,0.062,0.03,0.0,13.0,44.0,74.0
2019-Aug-01,29.2,36.7,21.1,1014.8,60,0,16.1,18.3,31.7,0.4,0.057,0.026000000000000002,0.0,14.6,39.0,58.0
2019-Aug-02,28.1,35.6,23.3,1014,68,0.51,16.1,20.2,29.4,0.4,0.051,0.023,0.0,14.8,26.0,57.0
2019-Aug-03,26.6,32.2,23,1013.1,73,0.76,16.1,20.2,31.7,0.4,0.049,0.025,0.0,7.7,13.0,45.0
2019-Aug-04,,,,,,,,,,0.4,0.053,0.019,0.0,8.5,14.0,49.0
2019-Aug-05,,,,,,,,,,0.4,0.064,0.019,0.0,12.0,23.0,80.0
2019-Aug-06,,,,,,,,,,0.4,0.076,0.032,0.0,13.7,27.0,119.0
2019-Aug-07,31.3,38.9,23.3,1010.2,54,0,16.1,16.1,27.8,0.4,0.063,0.03,0.0,12.6,30.0,77.0
2019-Aug-08,29.2,38.9,23.3,1010,62,0,16.1,15.7,27.8,0.4,0.048,0.031,0.0,11.1,29.0,46.0
2019-Aug-09,25.9,32.8,22.8,1011.4,88,4.32,14.6,16.9,29.4,0.4,0.042,0.024,0.0,8.9,17.0,39.0
2019-Aug-10,,,,,,,,,,0.4,0.059000000000000004,0.023,0.0,13.4,30.0,64.0
2019-Aug-11,,,,,,,,,,0.4,0.046,0.016,0.0,10.6,23.0,44.0
2019-Aug-12,,,,,,,,,,0.4,0.052000000000000005,0.023,0.0,9.6,25.0,48.0
2019-Aug-13,27.2,39.4,22.8,1012.4,67,1.52,15.6,13.7,25.9,0.4,0.04,0.026000000000000002,0.0,7.1,14.0,37.0
2019-Aug-14,26.7,33.3,20,1016.1,67,7.62,16.1,11.1,24.1,0.4,0.06,0.022000000000000002,0.0,7.2,17.0,67.0
2019-Aug-15,28.1,35.6,20,1015.2,62,0,16.1,11.7,27.8,0.5,0.066,0.031,0.0,11.8,28.0,87.0
2019-Aug-16,,,,,,,,,,0.5,0.063,0.023,0.0,13.7,38.0,77.0
2019-Aug-17,,,,,,,,,,0.4,0.053,0.02,0.0,11.9,26.0,50.0
2019-Aug-18,,,,,,,,,,0.4,0.047,0.017,0.0,10.8,21.0,45.0
2019-Aug-19,30.5,38.3,22.2,1011.4,60,0.76,16.1,18.9,27.8,0.4,0.055999999999999994,0.025,0.0,13.1,33.0,54.0
2019-Aug-20,30.5,38.3,22.2,1013.7,56,0,16.1,16.1,25.9,0.4,0.054000000000000006,0.026000000000000002,0.0,10.3,35.0,50.0
2019-Aug-21,29.9,37.8,21.7,1013.6,55,0,16.1,14.6,22.2,0.5,0.053,0.025,0.0,15.4,43.0,58.0
2019-Aug-22,,,,,,,,,,0.5,0.053,0.025,0.0,9.3,24.0,49.0
2019-Aug-23,,,,,,,,,,0.4,0.052000000000000005,0.018000000000000002,0.0,4.8,12.0,48.0
2019-Aug-24,,,,,,,,,,0.4,0.042,0.02,0.0,9.2,17.0,39.0
2019-Aug-25,24.2,30,19,1010.6,81,29.97,15.4,16.7,37,0.4,0.048,0.017,0.0,6.5,12.0,44.0
2019-Aug-26,28.2,35.6,19.4,1005.3,76,4.57,16.1,19.8,27.8,0.5,0.062,0.019,0.0,15.4,23.0,74.0
2019-Aug-27,24.2,35.6,20,1012.1,84,34.04,13.7,18,66.5,0.4,0.037000000000000005,,0.0,6.6,14.0,34.0
2019-Aug-28,,,,,,,,,,0.5,0.055,,0.0,7.8,20.0,51.0
2019-Aug-29,,,,,,,,,,0.5,0.054000000000000006,,0.0,13.5,35.0,54.0
2019-Aug-30,,,,,,,,,,0.3,0.043,0.004,0.0,6.1,9.0,40.0
2019-Aug-31,22.6,27.2,18.9,1017.8,87,33.78,16.1,11.3,18.3,0.3,0.042,0.002,0.0,7.6,14.0,39.0
2019-Sep-01,24.4,31.1,19.4,1017.8,81,0,16.1,7.6,18.3,0.3,0.051,0.006999999999999999,0.0,9.8,17.0,47.0
2019-Sep-02,26.1,32.8,19.4,1017.1,77,0,15.3,9.6,16.5,0.4,0.061,0.006999999999999999,0.0,17.6,26.0,71.0
2019-Sep-03,25.8,32.8,19.4,1015,75,0,15.6,11.9,18.3,0.4,0.064,0.01,0.0,17.8,30.0,80.0
2019-Sep-04,,,,,,,,,,0.5,0.063,0.031,0.0,14.5,32.0,77.0
2019-Sep-05,,,,,,,,,,0.4,0.065,0.042,0.0,15.6,38.0,84.0
2019-Sep-06,,,,,,,,,,0.6,0.065,0.048,0.0,16.3,35.0,84.0
2019-Sep-07,26.9,35,18.9,1014.5,64,0,16.1,10.2,20.6,0.6,0.07,0.04,0.0,14.9,34.0,100.0
2019-Sep-08,26.1,34.4,19.4,1011.9,64,0,16.1,15.6,25.9,0.5,0.049,0.023,0.0,10.6,33.0,45.0
2019-Sep-09,26.6,33.3,19.4,1012.5,62,0,16.1,19.1,33.5,0.4,0.049,0.027999999999999997,0.0,12.5,63.0,55.0
2019-Sep-10,,,,,,,,,,0.4,0.043,0.026000000000000002,0.0,11.8,47.0,49.0
2019-Sep-11,,,,,,,,,,0.4,0.038,0.034,0.0,10.5,40.0,44.0
2019-Sep-12,,,,,,,,,,0.3,0.039,0.028999999999999998,0.0,6.5,21.0,36.0
2019-Sep-13,23.6,32.2,18.9,1020.2,81,13.46,15.3,11.1,27.8,0.5,0.05,0.032,0.0,5.8,11.0,46.0
2019-Sep-14,24.8,31.7,18.9,1020.1,78,10.92,15.6,13,24.1,0.6,0.057,0.044000000000000004,0.0,15.2,24.0,58.0
2019-Sep-15,25.6,32.8,19.4,1018.1,70,0,16.1,10.9,14.8,0.6,0.065,0.053,0.0,23.2,34.0,84.0
2019-Sep-16,,,,,,,,,,0.7,0.057999999999999996,0.040999999999999995,0.0,21.8,38.0,71.0
2019-Sep-17,,,,,,,,,,0.6,0.051,0.036000000000000004,0.0,16.3,44.0,60.0
2019-Sep-18,,,,,,,,,,0.6,0.043,0.034,0.0,8.4,40.0,40.0
2019-Sep-19,25.4,31.7,19.4,1012.8,76,0,16.1,13.7,29.4,0.6,0.040999999999999995,0.027999999999999997,0.0,7.8,24.0,38.0
2019-Sep-20,23.8,31.1,20.6,1012.5,83,0.25,15.1,13.7,29.4,0.5,0.034,0.022000000000000002,0.0,4.8,12.0,31.0
2019-Sep-21,23.3,29.4,20,1013.6,91,18.03,14,25.6,35.2,0.4,0.039,0.002,0.0,10.2,18.0,43.0
2019-Sep-22,,,,,,,,,,0.4,0.032,0.005,0.0,8.5,15.0,35.0
2019-Sep-23,,,,,,,,,,0.4,0.037000000000000005,0.004,0.0,9.2,20.0,38.0
2019-Sep-24,,,,,,,,,,0.4,0.038,0.027999999999999997,0.0,6.4,14.0,35.0
2019-Sep-25,25.6,33.3,20.6,1008.3,79,0.25,16.1,16.7,25.9,0.4,0.046,0.03,0.0,8.0,24.0,43.0
2019-Sep-26,24.9,33.3,20,1009.4,78,0.51,16.1,20.9,35.2,0.4,0.044000000000000004,0.024,0.0,7.4,34.0,41.0
2019-Sep-27,26.3,32.2,20,1006.1,70,0,16.1,23.5,35.2,0.2,0.052000000000000005,0.024,0.0,8.9,26.0,48.0
2019-Sep-28,,,,,,,,,,0.3,0.04,0.02,0.0,8.2,17.0,37.0
2019-Sep-29,,,,,,,,,,0.2,0.032,0.013000000000000001,0.0,10.6,19.0,44.0
2019-Sep-30,,,,,,,,,,0.2,0.033,0.022000000000000002,0.0,11.4,29.0,48.0
2019-Oct-01,26.1,30.6,22.2,1012.5,75,0,16.1,23,29.4,0.2,0.04,0.023,0.0,14.4,59.0,56.0
2019-Oct-02,25.9,30.6,21.7,1012,71,0,16.1,18.9,25.9,0.2,0.039,0.031,0.0,13.0,46.0,53.0
2019-Oct-03,21.7,31.1,17.2,1017,80,0,16.1,16.3,25.9,0.2,0.024,0.012,0.0,5.7,14.0,24.0
2019-Oct-04,,,,,,,,,,0.8,0.042,0.033,0.0,10.4,22.0,43.0
2019-Oct-05,,,,,,,,,,0.6,0.044000000000000004,0.017,0.0,13.9,30.0,55.0
2019-Oct-06,,,,,,,,,,0.3,0.028999999999999998,0.012,0.0,6.2,14.0,27.0
2019-Oct-07,15.2,21.7,7.2,1024.4,53,0,16.1,15.6,37,0.6,0.040999999999999995,0.031,0.0,6.1,18.0,38.0
2019-Oct-08,14.3,23.9,6.1,1019.7,63,0,16.1,11.9,27.8,0.6,0.047,0.031,0.0,9.6,50.0,46.0
2019-Oct-09,18.4,26.7,6.7,1010.8,68,0.25,16.1,23.9,37,0.6,0.061,0.025,0.0,14.2,22.0,71.0
2019-Oct-10,,,,,,,,,,0.6,0.04,0.023,0.0,9.9,25.0,41.0
2019-Oct-11,,,,,,,,,,0.5,0.035,0.023,0.0,6.0,17.0,32.0
2019-Oct-12,,,,,,,,,,0.7,0.042,0.036000000000000004,0.0,7.5,23.0,39.0
2019-Oct-13,11.6,25,-1,1015.1,47,0,16.1,13.1,20.6,0.6,0.052000000000000005,0.032,0.0,7.3,20.0,48.0
2019-Oct-14,16.9,26.7,2.8,1013.3,65,0,16.1,16.3,25.9,0.7,0.049,0.027000000000000003,0.0,13.1,41.0,53.0
2019-Oct-15,21.3,27.2,10.6,1011.2,79,0,14,22,35.2,0.6,0.038,0.018000000000000002,0.0,12.8,29.0,52.0
2019-Oct-16,,,,,,,,,,0.7,0.039,0.028999999999999998,0.0,11.1,31.0,46.0
2019-Oct-17,,,,,,,,,,0.8,0.052000000000000005,0.035,0.0,10.0,41.0,48.0
2019-Oct-18,,,,,,,,,,0.8,0.05,0.025,0.0,13.6,61.0,54.0
2019-Oct-19,16.5,23.9,7.2,1006,60,1.02,16.1,20.4,33.5,1.2,0.044000000000000004,0.026000000000000002,0.0,10.7,21.0,45.0
2019-Oct-20,15.9,28.3,6.1,1007.1,63,0.76,15.9,14.4,35.2,2.2,0.057,0.025,0.0,12.8,28.0,58.0
2019-Oct-21,15.2,28.3,3.3,1008.3,38,0,16.1,22.2,40.7,1.7,0.04,0.015,0.0,5.9,42.0,39.0
2019-Oct-22,,,,,,,,,,0.4,0.043,0.032,0.0,8.1,37.0,40.0
2019-Oct-23,,,,,,,,,,0.5,0.052000000000000005,0.039,0.0,7.6,41.0,48.0
2019-Oct-24,,,,,,,,,,0.5,0.032,0.01,0.0,4.9,9.0,30.0
2019-Oct-25,5.4,13.3,4.4,1022.7,97,30.48,9.2,30.4,42.4,0.3,0.023,0.009000000000000001,0.0,5.4,7.0,23.0
2019-Oct-26,9.9,17.8,4.4,1013.7,71,20.57,15.4,16.1,25.9,0.7,0.043,0.035,0.0,8.4,15.0,40.0
2019-Oct-27,11.5,21.7,5.6,1009.9,61,0.25,16.1,16.3,29.4,0.7,0.046,0.017,0.0,8.7,18.0,43.0
2019-Oct-28,,,,,,,,,,0.3,0.022000000000000002,0.011000000000000001,0.001,9.7,28.0,40.0
2019-Oct-29,,,,,,,,,,0.3,0.022000000000000002,0.013000000000000001,0.0,7.6,9.0,32.0
2019-Oct-30,,,,,,,,,,0.2,0.027000000000000003,0.006999999999999999,0.0,6.3,10.0,26.0
2019-Oct-31,0.2,8.3,-5,1028.8,57,1.02,16.1,22,42.4,0.5,0.037000000000000005,0.033,0.0,6.5,12.0,34.0
2019-Nov-01,4.3,16.1,-5,1024.6,48,0,16.1,16.5,35.2,0.6,0.040999999999999995,0.032,0.0,6.8,21.0,38.0
2019-Nov-02,6.6,16.1,-2.7,1029.2,54,0,16.1,11.9,18.3,0.9,0.036000000000000004,0.028999999999999998,0.0,12.5,23.0,52.0
2019-Nov-03,7.7,20,-0.6,1021.6,54,0,16.1,15.7,37,1.0,0.057999999999999996,0.04,0.0,10.5,24.0,61.0
2019-Nov-04,,,,,,,,,,0.7,0.049,0.044000000000000004,0.0,13.5,26.0,54.0
2019-Nov-05,,,,,,,,,,0.7,0.047,0.046,0.0,11.1,26.0,46.0
2019-Nov-06,,,,,,,,,,0.8,0.027000000000000003,0.028999999999999998,0.0,18.8,37.0,65.0
2019-Nov-07,6.4,17.2,1,1026.2,89,6.86,11.7,28.9,44.6,0.5,0.028999999999999998,0.02,0.0,13.0,22.0,53.0
2019-Nov-08,3.3,10.6,-0.6,1031.3,49,2.29,16.1,11.5,20.6,0.7,0.032,0.031,0.0,9.3,23.0,39.0
2019-Nov-09,7.8,21.1,0,1023,70,0,16.1,14.4,22.2,0.6,0.039,0.027000000000000003,0.0,17.5,29.0,62.0
2019-Nov-10,,,,,,,,,,0.8,0.04,0.02,0.0,13.4,22.0,54.0
2019-Nov-11,,,,,,,,,,0.6,0.031,0.012,0.0,7.2,15.0,30.0
2019-Nov-12,,,,,,,,,,0.6,0.033,0.039,0.0,9.5,17.0,40.0
2019-Nov-13,-0.6,11.1,-8.9,1022.7,48,0,16.1,22.8,37,0.5,0.037000000000000005,0.039,0.0,10.9,34.0,45.0
2019-Nov-14,4.1,12.2,-7.2,1024.2,55,0,16.1,14.1,25.9,0.6,0.042,0.035,0.0,12.4,28.0,52.0
2019-Nov-15,5.2,14.4,-4.4,1029,62,0,15.9,7.6,14.8,0.8,0.040999999999999995,0.035,0.0,15.1,104.0,75.0
2019-Nov-16,,,,,,,,,,0.7,0.049,0.01,0.0,11.9,33.0,50.0
2019-Nov-17,,,,,,,,,,0.6,0.038,0.018000000000000002,0.0,11.8,23.0,49.0
2019-Nov-18,,,,,,,,,,0.6,0.042,0.036000000000000004,0.001,9.6,35.0,40.0
2019-Nov-19,14.2,24.4,1.7,1012.4,48,0,16.1,11.7,27.8,0.8,0.05,0.031,0.0,9.6,45.0,46.0
2019-Nov-20,15.8,24.4,5.6,1010.1,68,0,15.9,25.2,37,0.7,0.048,0.035,0.0,16.5,38.0,60.0
2019-Nov-21,13.3,17.8,6.1,1013,89,1.02,15.9,25,35.2,0.5,0.025,0.008,0.0,10.0,15.0,42.0
2019-Nov-22,,,,,,,,,,0.3,0.016,0.005,0.0,8.4,11.0,35.0
2019-Nov-23,,,,,,,,,,0.7,0.026000000000000002,0.023,0.0,12.6,18.0,52.0
2019-Nov-24,,,,,,,,,,0.7,0.044000000000000004,0.031,0.0,9.7,16.0,41.0
2019-Nov-25,8.4,20.6,-0.5,1004.3,61,0,16.1,9.6,16.5,0.8,0.040999999999999995,0.037000000000000005,0.0,13.4,32.0,54.0
2019-Nov-26,11.4,19.4,1.7,999.4,57,0,15.9,18.1,51.9,1.0,0.037000000000000005,0.027999999999999997,0.0,11.1,29.0,46.0
2019-Nov-27,4.4,19.4,-2.2,1019,51,0,16.1,26.3,59.4,0.4,0.033,0.016,0.0,6.6,12.0,31.0
2019-Nov-28,,,,,,,,,,0.5,0.024,0.01,0.0,7.1,10.0,30.0
2019-Nov-29,,,,,,,,,,0.7,0.016,0.012,0.0,6.1,10.0,25.0
2019-Nov-30,,,,,,,,,,0.6,0.04,0.006,0.0,4.3,11.0,37.0
2019-Dec-01,5.6,16.7,1.1,1015.3,44,0.51,16.1,34.6,46.5,0.3,0.037000000000000005,0.006,0.0,3.3,11.0,34.0
2019-Dec-02,3.6,9.4,-2.8,1024.4,56,0,16.1,15.4,27.8,0.8,0.028999999999999998,0.042,0.0,5.5,18.0,40.0
2019-Dec-03,5.9,15.6,-1.6,1015.6,57,0,16.1,14.8,22.2,0.9,0.028999999999999998,0.035,0.001,9.3,25.0,39.0
2019-Dec-04,,,,,,,,,,0.9,0.033,0.042,0.0,8.4,34.0,40.0
2019-Dec-05,,,,,,,,,,0.7,0.037000000000000005,0.03,0.0,8.3,28.0,35.0
2019-Dec-06,,,,,,,,,,0.5,0.027999999999999997,0.021,0.0,14.6,25.0,56.0
2019-Dec-07,5.1,14.4,-2.2,1026.4,57,0,16.1,9.4,20.6,0.8,0.034,0.027999999999999997,0.0,12.1,26.0,51.0
2019-Dec-08,10.1,18.9,-1,1012.1,68,0,16.1,21.3,33.5,0.7,0.046,0.039,0.0,17.9,17.0,63.0
2019-Dec-09,9.4,18.9,2.8,1006.2,65,0,16.1,23.3,44.6,0.6,0.031,0.023,0.0,7.9,22.0,33.0
2019-Dec-10,,,,,,,,,,0.9,0.032,0.04,0.0,6.4,24.0,38.0
2019-Dec-11,,,,,,,,,,0.9,0.032,0.028999999999999998,0.0,8.1,24.0,34.0
2019-Dec-12,,,,,,,,,,0.7,0.034,0.038,0.0,9.6,31.0,40.0
2019-Dec-13,6.4,15.6,0.6,1013.4,73,0,16.1,6.1,13,0.9,0.032,0.036000000000000004,0.0,16.5,41.0,60.0
2019-Dec-14,6.3,15.6,1.1,1011.7,65,0,16.1,11.1,18.3,0.9,0.022000000000000002,0.021,0.0,15.7,32.0,59.0
2019-Dec-15,1.4,8.9,0,1010.7,92,0,7.7,18,29.4,0.6,0.015,0.012,0.0,20.5,28.0,69.0
2019-Dec-16,,,,,,,,,,0.3,0.028999999999999998,0.008,0.0,18.8,22.0,65.0
2019-Dec-17,,,,,,,,,,0.8,0.03,0.033,0.0,13.0,24.0,53.0
2019-Dec-18,,,,,,,,,,0.9,0.033,0.042,0.0,8.2,37.0,40.0
2019-Dec-19,3.4,13.3,-5.6,1025.5,41,0,16.1,16.9,31.7,0.8,0.042,0.037000000000000005,0.0,8.1,32.0,39.0
2019-Dec-20,5.1,13.3,-3.8,1024.2,51,0,16.1,17.2,24.1,0.7,0.036000000000000004,0.03,0.0,14.2,33.0,55.0
2019-Dec-21,5,10.6,2.2,1027,95,0,9.5,8.1,24.1,0.7,0.03,0.021,0.0,24.9,12.0,78.0
2019-Dec-22,,,,,,,,,,0.7,0.023,0.025,0.0,17.7,23.0,63.0
2019-Dec-23,,,,,,,,,,0.8,0.038,0.035,0.0,17.8,29.0,63.0
2019-Dec-24,,,,,,,,,,0.8,0.052000000000000005,0.033,0.0,12.6,25.0,52.0
2019-Dec-25,12.1,21.1,2.2,1010.3,52,0,16.1,18.3,27.8,0.7,0.05,0.025,0.0,9.4,12.0,46.0
2019-Dec-26,10.7,17.2,2,1014,70,0,13.2,13.7,24.1,0.6,0.027000000000000003,0.018000000000000002,0.0,16.4,28.0,60.0
2019-Dec-27,5,17.8,2.8,1020.1,82,0,11.3,15.6,22.2,0.9,0.025,0.019,0.0,30.1,46.0,89.0
2019-Dec-28,,,,,,,,,,0.7,0.027999999999999997,0.016,0.0,8.7,13.0,36.0
2019-Dec-29,,,,,,,,,,0.4,0.035,0.006,0.0,4.3,7.0,32.0
2019-Dec-30,,,,,,,,,,0.3,0.038,0.023,0.0,3.3,8.0,35.0
2019-Dec-31,2,10.6,-5,1022.5,51,0,16.1,11.5,18.3,0.4,0.038,0.024,0.0,4.5,12.0,35.0
